-- phpMyAdmin SQL Dump
-- version 5.1.1
-- https://www.phpmyadmin.net/
--
-- Host: 127.0.0.1
-- Generation Time: Nov 22, 2021 at 07:22 AM
-- Server version: 10.4.21-MariaDB
-- PHP Version: 7.3.31

SET SQL_MODE = "NO_AUTO_VALUE_ON_ZERO";
START TRANSACTION;
SET time_zone = "+00:00";


/*!40101 SET @OLD_CHARACTER_SET_CLIENT=@@CHARACTER_SET_CLIENT */;
/*!40101 SET @OLD_CHARACTER_SET_RESULTS=@@CHARACTER_SET_RESULTS */;
/*!40101 SET @OLD_COLLATION_CONNECTION=@@COLLATION_CONNECTION */;
/*!40101 SET NAMES utf8mb4 */;

--
-- Database: `facerecognation`
--
CREATE DATABASE IF NOT EXISTS `facerecognation` DEFAULT CHARACTER SET utf8mb4 COLLATE utf8mb4_general_ci;
USE `facerecognation`;

-- --------------------------------------------------------

--
-- Table structure for table `historylog`
--

CREATE TABLE `historylog` (
  `ID1` int(100) NOT NULL,
  `id` varchar(100) NOT NULL,
  `student` varchar(100) NOT NULL,
  `Course$Section` varchar(100) NOT NULL,
  `usrname` varchar(100) NOT NULL,
  `paswrd` varchar(100) NOT NULL,
  `profile_photo` blob NOT NULL,
  `timein` varchar(100) NOT NULL
) ENGINE=InnoDB DEFAULT CHARSET=utf8mb4;

--
-- Dumping data for table `historylog`
--

INSERT INTO `historylog` (`ID1`, `id`, `student`, `Course$Section`, `usrname`, `paswrd`, `profile_photo`, `timein`) VALUES
(37, '2018', 'Junrel Ednalig', 'BSCpE4A', '', '', 0xffd8ffe000104a46494600010101006000600000ffe100824578696600004d4d002a00000008000187690004000000010000001a00000000000490030002000000140000005090040002000000140000006492910002000000033534000092920002000000033534000000000000323032313a31303a32332030313a32363a323000323032313a31303a32332030313a32363a3230000000ffe101a0687474703a2f2f6e732e61646f62652e636f6d2f7861702f312e302f003c3f787061636b657420626567696e3d27efbbbf272069643d2757354d304d7043656869487a7265537a4e54637a6b633964273f3e0d0a3c783a786d706d65746120786d6c6e733a783d2261646f62653a6e733a6d6574612f223e3c7264663a52444620786d6c6e733a7264663d22687474703a2f2f7777772e77332e6f72672f313939392f30322f32322d7264662d73796e7461782d6e7323223e3c7264663a4465736372697074696f6e207264663a61626f75743d22757569643a66616635626464352d626133642d313164612d616433312d6433336437353138326631622220786d6c6e733a786d703d22687474703a2f2f6e732e61646f62652e636f6d2f7861702f312e302f223e3c786d703a437265617465446174653e323032312d31302d32335430313a32363a32302e3534303c2f786d703a437265617465446174653e3c2f7264663a4465736372697074696f6e3e3c2f7264663a5244463e3c2f783a786d706d6574613e0d0a3c3f787061636b657420656e643d2777273f3effdb00430006040506050406060506070706080a100a0a09090a140e0f0c1017141818171416161a1d251f1a1b231c1616202c20232627292a29191f2d302d283025282928ffdb0043010707070a080a130a0a13281a161a2828282828282828282828282828282828282828282828282828282828282828282828282828282828282828282828282828ffc00011080096009603012200021101031101ffc4001f0000010501010101010100000000000000000102030405060708090a0bffc400b5100002010303020403050504040000017d01020300041105122131410613516107227114328191a1082342b1c11552d1f02433627282090a161718191a25262728292a3435363738393a434445464748494a535455565758595a636465666768696a737475767778797a838485868788898a92939495969798999aa2a3a4a5a6a7a8a9aab2b3b4b5b6b7b8b9bac2c3c4c5c6c7c8c9cad2d3d4d5d6d7d8d9dae1e2e3e4e5e6e7e8e9eaf1f2f3f4f5f6f7f8f9faffc4001f0100030101010101010101010000000000000102030405060708090a0bffc400b51100020102040403040705040400010277000102031104052131061241510761711322328108144291a1b1c109233352f0156272d10a162434e125f11718191a262728292a35363738393a434445464748494a535455565758595a636465666768696a737475767778797a82838485868788898a92939495969798999aa2a3a4a5a6a7a8a9aab2b3b4b5b6b7b8b9bac2c3c4c5c6c7c8c9cad2d3d4d5d6d7d8d9dae2e3e4e5e6e7e8e9eaf2f3f4f5f6f7f8f9faffda000c03010002110311003f0092cd724715d1d80c002b12c17214d74967672dc5bb98d580da40707183db9aad2c7cfc62e4ec8d9b15031eb51f8b98af87e54440cf2e63ce39552a7791ff00010d52d8306c1460c338e0e68f1705ff00847a50ca8eccc00dddb83b8ffdf1bea1954f49a394f818c22f186c719592cb3149c8e03600fc704d7b2f8f3c5963e0ff000ecfa95fb8f946228c7591fb015e2df069ddfc70ae25ff004516cde593d1b18000f7039fcebcf7e3678f4f8a3c6b2c509dfa5698cd0c033f2c8e0fccfee09e07b0f7ad20b98f662f9608e735ff00115e6b5a95d6b9ad6e96e276fdd839da839f947b73fa57297174f7527cb18ebd855efb45cead727cc6693dcf403dab7b4cd0940ddb79fa55d4aaa0b52a14dc9981a7d95c37cdb5ba5684925e43180dbb00e7ad75f6da66c5e16967d277a9c8c5727d6b53a3eac70f06a72c13a31f9194e432f047e35f4bfc2cf1c1f1658c3a6ead334971670b337cc57cd50540271d7193e9dbea7e79d6b49688938e3e950786f5db9d0354b6bcb6244b0b1c8ce37a918653f51fd0f6aea838d54ae73cd4a1748fbc2186d6cc44204484370085e4fd4ff8d52d62e50df58c6a41293a67db271fd6b2bc21e218bc49b5e197fd164b78a684630482a377e3938fc2ac6b16ed6fa95bba29f264ba80963fde32723f2a89c5456a14e4e52ba3a9a28a2a4b3859e4f23e27ceac485934ff0033f1dca3f921ae92d6e0be9b74e5fe542e47a81d7fad70bf112edb4ef1f68f2a71f69b66898ffb2a2427f565abb67aa44349bf26e910ed04a1e7233c75ff003c8ade294a271cdf2d46fb8a66863b4d93c8cbfbcdcb819e303de8ae0afbc67a7c0de4c370b71306259618de60a3df603cfd68abf6d2e88e7f62ce66f3c4ba1684b879fed9723fe58c3f360fb9e83f139f6acdff0084b2f7c516f2a71636cad848a190e7006796efce3b0af32f14d84da25bc1fbd579643838edf4f5af4cf853e1f8b5dd17cebc6730453edd910c3365509c9e98fad725483943437a71f672d558f4cf081dfa25b4983f382d9fc4d6af89617bbf0c6a76d1233cb25bc8a8abd4b6d381f9d71d73e2a874459f4ed2ec5dcdb4b2428d2b008b8623ea71d3f0a9bc09e21d475af124906a132b462ddcac712ed01b8e7df8cd0938c6c71ca9b751cae7986b979a8f83aca7beb6692dae373db43d323cc4ea3d703241f5c5792194f96114f538af4ffda1f528a6f17c5a6db80b0d84237e3f89d80393ff0001083f3af29b13e6dc2af5cb66ba69a518dceea6db8ab9e89e10d394c68cc064f35e8365a67438e3e95ccf85230b0c64fb0af40b3995225e95e3e26a3723d8a10b2215d3557b75a492c1319238fa56a2b97e47a553baf31b381815c5ccee74a4727af58ab2b60607d2bcc75db7682eb206066bd4b58d460872b3b81f5ae0bc42f05dc6d240c180eb8af47093945ab9c7898a7b1ebdfb30eb0f79a90d2dddb36aaf32f3d50f51f83303f8d7bdf8925024b48dba8b98241cf6df835f1ffc15f102786be22e9577349e5da485a09cff00b0ea47e8db4fe15f516a1e21b5d72e6d534a86e6e4ac8a37c51975fbea725941518c7722bbab4ba1c7469bbdd773bda28a2a4a3ccfe30e87abea577a2dde850bcb710f9b19291090aeedb8382ca0743c9247b572565f0975ed5dd5f5dbb8618b218adcc86e581f68936443f26af79a29f3325c53773cff004cf84fe1bb68025f25cea2deb3cc5117fdd44daa3f2a2bd028a4558f88be22e9335fe9d049683cc685b2c157271eb9ed5b9f0f7c40fe16f0ec914b64fe64d379c9e64a0205daab92473d57a63f1ac6d1fc41772aecb9d2f5085d47de36ece9f9ae4fe95de7842e2c6ff578604ba82ea711bbb42ea377084fdd233c1c1e9d8574d5a7cb1b4647252af194ef5617f99cb0d4fedb13cb2b219a596598ed18077cacfc7b7cd5bdf0be6f27c4f233b10be4484f19e00e6b8ed846a3303c90413f525b3fd2b5f4dbafecc8f53bbde542d948a7a71918e3f3071ea2a674f9608e18d6f6b5a5656bdcf24f1dea8daa789b55bc73933dc39ce73900e07e80565e92365cc4c477aa372d990e7b715774ccbcc807ad53d158f462ad63d374bd6edad230b23631d3debaed1bc55a44acb14b751abb74073cfe3d2bcd7c37e1c9b5dbb266668e1cf51e95e8763e0df0ee9f7514571780ce46ef29a64ddff7cf5c57975d525a3dcf4293a8f55b1e9567671cb0432c4eac8dce41ea2b95f889777ba7ac56fa5c2cf2c83a85ce2ba4d21adb4df26d55bf74a72a09ed506b5ab5b44669b8dd1a139c64e0579d19c632bdae7638392b5cf1e3e0ad735243737f3ec63ced90fcdf90e958fa8e8573a3ce15c978dc60915d85febde25b9d531a7b4aba7ab47c456a0960572c72ebd8f1d467b77a9e4925d574dff8994021bc51b6451d09ecc2bb956a91b735ac72fb28bbdaf7384f08841e32d0d65c6cfb7dbee046463cd5ce6befe550aa028000e8057e7cdd2b586b2ec32a5183ab0ea3dff3afd065fba3bf15deddd2672dada0b45145200a28a2800a28a2803e31d2b59916e905dce1b2c097489630873ce428031c9e3a0af46f0edd09754f2bcc29fb990a9c7cbf74e707d4641fc6bc7f4ff056a1047fdab25f37d87cc9122065e6509279673c74ddf9d775e181730f8c34b8cc8a6c7ca9d010fbb7622650cbec7cb3fa568e4f95a6ee72ce9c1c94a3a1811dbffa65e960721d07fe380ff53547c6929b4f0dde6de3cd0b19e3ae581c7e95b36fa746f6f094cc534ec0b6c38ddb88fe5585f15815f0fa951c34ea7f4635d3517ba933c9c37f1798f1a9b2589ec4d6e78520f3f51853f1358f3e0c09b47209cd6e783a5f2f55873fc408ac6adf959edc3747aa359dcc563f65d2e4f21e66556947545c738f43ef56b4df032e9d9b917ade7485f708902921c0dc0b75c71c73c738ea6b4743b37b99559beee3815d9c3662384b48a3e51902bc1a95a51d133d6a74e32d59c6432dc3dec712b48521511a9739240f534f94cf1df2b9e467041ee2af5bc3ff00130db8018b124549a8c496f2169b84f5f4f7ac5c8dd1b96112c36e402c81c7423ad73fae69ac18ba023bfd6bb0d26d9e5b4b763892365051d4e41151788ad76c7c8edcd65193bdca94743e7cf15a6cd59b8e5a2c7f3afbc74797cfd26ca5ff009e90237e6a0d7c29f119960d6d58778bfa9afb33c21ae69f1780fc3d777d7d6b6c92e9b6f2169a6541cc4a7b9af7e93bd34cf1e7a49a3aaa2b98bcf1df87ade1f312f9af17b7d86de4bacffdfb56ac65f8971dd4b347a4785fc477b2478dc5ed92d579e9ccce87f4ab22e96e7a0519af34bff1778e25da34bf09e996e5bf8afb56c95f72b1a11f931acf966f88d7a375d788343d322c7234fd39a6653fef4af8fd3f0a57443ad05d4f5867c74a2bc45fc37e20be766d47c79e2695f3f2adb4b159803dc2273453ba337898773cf2ef53d2d2c9e39ef6dfecb14291c69e602a08218fddfbbcfd2a4f06796de2584213fe8eb3e573952a509c7fe3df90f7ac1bafb37db2dc3c4ccd9214b21c83919ae87c06f1b6b2bb24df2adbc8d8249e48c77fad651a8ed6920f423d32393362ec39055fe800ac3f1c5a4ba97862e10c6fbe27f3578eb818e3f0ab9a3ea57d26b5a7d8b246a9e54924842e18858db03f3c1fc0574d636eb737305bcca0ac8c10823d6bbeb4baa3c9c345c64afd5b3e5cba1e54981f5ab9a2cde55f5b383d1c0fceba4f1ef874e9daecf670ae553e6438c654f6fc2b8e5125b4df3a9041efdaa5ea8f56134ecd1f51782544a57a60577b7b0adbd835c32a96d84a213d4f6af34f87773baceda407fd62a9fd2bafd7b522587560bf228f4ec4d7cdd6f8da3dea4fdd4d98ba2e9524334535d4dbe697e67627ab1ae8359d32d5e608ce1e329b89c7b5635ac65e61208db3fa56d6a313981184462047059f97fd6b196e6b17d90ef0b489a5c4f040fbed8485d14f400f503f1c9fc6ae7895e39ed8cc9cab0cf15cabcdf659519e7452480006ce492001f89207e35d05c44468f379838ddb97dba1a97a3b85efa1f397c5a7f2f57b55ee5393f8d7d4bf0bb4dd322f04e83716da75a8b93630869e38515989519dc7af5af22d27e1ecbe35f1fc77d76ac345b1204add03b8c90a3d79db9f6afa0b49d36db4cb2b6b6b45290dba848c0e98c6315ef50fe1c4f98c7d65cee3165b8811b8140a371200f4a85880cd84e49ce6ac33f3d7b5539246dede94d44f32351b2398f238619a8198f97b4b13818c1e49a92671f78f6f7af2af8a5e2cbf6d4bfe117f0e5c0b7b978d5efef430cdb23fdd8d0f6761939ec30475c8a4ba1ac139bb23d1afaeede00ab7332c44f237385268af9d53c35610c0be5c76f3e4e59de4c339fef173827bfebe94557ba6dec9773bcd3c43750a99d4ee552a40e0e722b76d6de1b5da21562d246c030e4631d09ae274f93508f2d32c618aed255f76ee7aff002adfd0eeee64baf2e5461188c827ae38aefad4e13873a0842ad29f2c93b77389f04977f145cbce7e78ade4507b101422fe83f9d775a61dbac58b2ffcf6504e33c1e3fad71be048643a95f4f2a7c9f6775460b804070bfa815b3a86b96ba45cc12cafbe489c49e529e4e39c67a0ac1ae6d11124fda2373c57f0facbc417eb789752da4c3e49311f981c76e09183fe715e73f127c25e10d0b429565d42f65d55b9429b240b83c8206d033c8e4e6a8f8fbe22dc6b16aff669dace2424a471b9f9ff00defef71f85792dd6a135c1026964917a80ee481f4a3d9dbe266d469cb76cf6cf83ba925ce956aacf96b77d8c0fb74fd3f957a478aa075d3649ed46e953f78abd370c8c8f638cfe35f37fc3dd68e8974d7072d03baa48a3d3d7ea2be8bb0d4a2d434c88c6e1d08db9cfaf4af0b194f92af3743e870f3e6858b3e13b0835cb0fb441a9cacfc831ba80d1900f0c3b723e8474aec6e3c2f68b10f3eee6911197192071df381eb5e5315b4da7ea65e09e5b56270b2c671f81f6fad74d7a752bab0dba86ae64b6db9f2d5c65fa7f7073d3a135cb35ae876469c9dbde39eb8beb6d5bc4f63069d0791a7db309df93ba5900182c7b8524e3dce7b0ae8bc67abdbe97a14d713b8548d0c8dcf6acad1f4e16d23dd32eddc36a03d85798fc72d7deead3ec303911ee064c7703a0febf853843dad45033aad534da327c21f187c43a3eb914cb75e669aaec5ec1f0236566c919c6437a376f71c57bc787fe3878735289cde5bded836f7006df39580e872bce4fa631ea6be2f572b9f7ad6d3eea68ed59e49c8897854079627fa57d0c611d8f9ead4233d59f6de9ff00127c25a95dadadaeb76a2e1ca858e40d1658f45f98019cf6f5ade5ba8e645962759236e55d1832b0f6238af815eedcde4b28e910c28f7e9ffd7aedfc11e3bd4bc2b247f62b969212822fb34cc5a2233b98edcf0724f231d4d1c9d8e69e112d51f5cdf5ec105acd3cefe5c312b48ecdc6140249fcabe79835786db4f9b58bf765bfd518ddba23e189724a8e48c285daa3d856debff14748f12781758b3449ac7536836b459dcaebd5c23ffba08c103af7e6bcdfc6d29b036d6eca51d625dc0a952a71f77a0e8303802b39de28e9c061b9a5cb33a28fc42f73029b7b437727f10701cae3d4939efc12077c74345707a5ea92c1992da6920720a9287071c7b1e38f4edd68a8535d4ea9e0ed27cbb1eaba26b71fd995256df71b991437738c827db9a6e91aedd0f17d98b87b78ecde390bb21ca2af92cc483dc6e5efdab815bd266b2f2c90cd70cc463a280b8feb526bd7912b186479637fba0af451e9fe7d6baa2a52972f4265251836cdad4fe24de5adbada594616ca11b33b479800e9b81ed8c74e9eb5ccdc7894df5bb36d5193fde2189f5cfbff00935ceea464439998cc9d0483ef0fc6b2237f225209dd138c647a574a4a1a2391414b527d46e5a7b972c8231d368ed5477703daae48cb2c6639182cc9d18ff18ff1acfcd652ee6f14745e19c491cca7aab2b62bd5fc317b3698aac9b9ed5bef20ea3dc578e785ee560d563473849bf764fa13d3f5c57af787dc08fca94640af2b18b53d0c36da1eb5a2bdb6a76f1b332b2b0fbd5b90d8e996d26181661cfccc5b15e4d6f2dc58ca5ad2e1a146ebc6e5fc471fa115a3732ead241e77f69da88546776d6ddf974fd6bcbe549ee76f33b686ff008df59b7b2b678add819e4f91147ea6bc03c641a6f3f76494899d8fbd7712066924bab895e690e70cfc71ec3b571be224c68fa95d3ff126d1f8903fad6f4128cd58caa5dc5b679953958e5413f283d29b457b279a4cd265a5ff006893fad4f14e4cd9cf0a3154b34aad80df4c5526268bd6f7ac84b02401cd6bdceaf2ead1c66ea40d3a285ce30481d3f1ae673c629f1c8518329c114a494959954e5ece5cc8e8619591be53838ed455586759429fe2c723345733849687a51a916ae99da5f6952699a8462e6626008cca55b0ca482063e87a1ae7afee1a72dbb7313ef57352be6923924958b48dd589eb5cd4d3027962bee2bd5a69455d9e1cd393b162dee8fcd04bd7a0dd542e93cb6207dd3c81e951cfbb21b7647a8a719049161bef76a4e57d0a51b6a88ddf7c609fbcbc7e15166954e0f3486b16cd52155886c8e2bd7bc317c6f74eb7bb07e6236be3fbc3835e3f5dbfc30d4923d49f4cb86c4773cc79ece3b7e23f90ae3c5439e175d0e8a12e5959f53d5564cc60e7ff00af503cd33298863cbce6a5f20c5f29c95ed4e48b6f2dcfa60578ecf41233af32ca235ce5ab96f8923ec5e198a2fe29e6518f60093fae2bbb8ad086f364079e82bcb7e2eea22e359b6b28ce56d63cb7b3373fc82fe75b6163cd5119577cb06705451457b079c2838cfbd149450014b49450059b51b998e48fa515ddf81bc222f6c9ae6f011bc6557da8ac658a8c5dac68a8b6af739cd527c44141ea6b19a4ec47152dc4c641b8fad566c7ad77b7a1ce96b70cfa537345159dcb0a2933466a6e30a7c523c32a4913149108656070411d0d328a407baf83fc4b1ebba62339517718db3a7bff00787b1aea230879c57cdda4ea571a55f477568fb6443d3b30ee0fb57b3e85e37d1f50b75325ca5acf8f9e29982e0fb13c1af2b1187717cd1d8efa35d495a5b9d16b3a84763613dcdc10b142858f6ce3b57ce5a95e49a86a1717737fac99cb9f6cf6aedbe2678ad35471a769d2efb543ba5914f0edd80f503f9fd2b80ae9c2d2f671bbdd98622a73bb2d90514515d47385145140056c785f4c3aa6ab1c6549890ee7f71e9f8d6457a5f80ed56c6dd19c0f364f9dbfa0ac6bd4e489a538f348f45d2e1fb35b2a2f1c514fb5955a3a2bceb23a6ecf9c9be5400f2735151457b8ce041451452189494515230a28a290052d14520128a28a0028a28a002968a28044d66a1aea30c3237722bbbb2be64da547b514572627568e8a075965a8b98463345145713dcdcfffd9, ''),
(38, '13123213', 'Junrel Ednalig', 'BSCS', '', '', 0xffd8ffe000104a46494600010101006000600000ffe100824578696600004d4d002a00000008000187690004000000010000001a00000000000490030002000000140000005090040002000000140000006492910002000000033534000092920002000000033534000000000000323032313a31303a32332030313a32363a323000323032313a31303a32332030313a32363a3230000000ffe101a0687474703a2f2f6e732e61646f62652e636f6d2f7861702f312e302f003c3f787061636b657420626567696e3d27efbbbf272069643d2757354d304d7043656869487a7265537a4e54637a6b633964273f3e0d0a3c783a786d706d65746120786d6c6e733a783d2261646f62653a6e733a6d6574612f223e3c7264663a52444620786d6c6e733a7264663d22687474703a2f2f7777772e77332e6f72672f313939392f30322f32322d7264662d73796e7461782d6e7323223e3c7264663a4465736372697074696f6e207264663a61626f75743d22757569643a66616635626464352d626133642d313164612d616433312d6433336437353138326631622220786d6c6e733a786d703d22687474703a2f2f6e732e61646f62652e636f6d2f7861702f312e302f223e3c786d703a437265617465446174653e323032312d31302d32335430313a32363a32302e3534303c2f786d703a437265617465446174653e3c2f7264663a4465736372697074696f6e3e3c2f7264663a5244463e3c2f783a786d706d6574613e0d0a3c3f787061636b657420656e643d2777273f3effdb00430006040506050406060506070706080a100a0a09090a140e0f0c1017141818171416161a1d251f1a1b231c1616202c20232627292a29191f2d302d283025282928ffdb0043010707070a080a130a0a13281a161a2828282828282828282828282828282828282828282828282828282828282828282828282828282828282828282828282828ffc00011080096009603012200021101031101ffc4001f0000010501010101010100000000000000000102030405060708090a0bffc400b5100002010303020403050504040000017d01020300041105122131410613516107227114328191a1082342b1c11552d1f02433627282090a161718191a25262728292a3435363738393a434445464748494a535455565758595a636465666768696a737475767778797a838485868788898a92939495969798999aa2a3a4a5a6a7a8a9aab2b3b4b5b6b7b8b9bac2c3c4c5c6c7c8c9cad2d3d4d5d6d7d8d9dae1e2e3e4e5e6e7e8e9eaf1f2f3f4f5f6f7f8f9faffc4001f0100030101010101010101010000000000000102030405060708090a0bffc400b51100020102040403040705040400010277000102031104052131061241510761711322328108144291a1b1c109233352f0156272d10a162434e125f11718191a262728292a35363738393a434445464748494a535455565758595a636465666768696a737475767778797a82838485868788898a92939495969798999aa2a3a4a5a6a7a8a9aab2b3b4b5b6b7b8b9bac2c3c4c5c6c7c8c9cad2d3d4d5d6d7d8d9dae2e3e4e5e6e7e8e9eaf2f3f4f5f6f7f8f9faffda000c03010002110311003f0092cd724715d1d80c002b12c17214d74967672dc5bb98d580da40707183db9aad2c7cfc62e4ec8d9b15031eb51f8b98af87e54440cf2e63ce39552a7791ff00010d52d8306c1460c338e0e68f1705ff00847a50ca8eccc00dddb83b8ffdf1bea1954f49a394f818c22f186c719592cb3149c8e03600fc704d7b2f8f3c5963e0ff000ecfa95fb8f946228c7591fb015e2df069ddfc70ae25ff004516cde593d1b18000f7039fcebcf7e3678f4f8a3c6b2c509dfa5698cd0c033f2c8e0fccfee09e07b0f7ad20b98f662f9608e735ff00115e6b5a95d6b9ad6e96e276fdd839da839f947b73fa57297174f7527cb18ebd855efb45cead727cc6693dcf403dab7b4cd0940ddb79fa55d4aaa0b52a14dc9981a7d95c37cdb5ba5684925e43180dbb00e7ad75f6da66c5e16967d277a9c8c5727d6b53a3eac70f06a72c13a31f9194e432f047e35f4bfc2cf1c1f1658c3a6ead334971670b337cc57cd50540271d7193e9dbea7e79d6b49688938e3e950786f5db9d0354b6bcb6244b0b1c8ce37a918653f51fd0f6aea838d54ae73cd4a1748fbc2186d6cc44204484370085e4fd4ff8d52d62e50df58c6a41293a67db271fd6b2bc21e218bc49b5e197fd164b78a684630482a377e3938fc2ac6b16ed6fa95bba29f264ba80963fde32723f2a89c5456a14e4e52ba3a9a28a2a4b3859e4f23e27ceac485934ff0033f1dca3f921ae92d6e0be9b74e5fe542e47a81d7fad70bf112edb4ef1f68f2a71f69b66898ffb2a2427f565abb67aa44349bf26e910ed04a1e7233c75ff003c8ade294a271cdf2d46fb8a66863b4d93c8cbfbcdcb819e303de8ae0afbc67a7c0de4c370b71306259618de60a3df603cfd68abf6d2e88e7f62ce66f3c4ba1684b879fed9723fe58c3f360fb9e83f139f6acdff0084b2f7c516f2a71636cad848a190e7006796efce3b0af32f14d84da25bc1fbd579643838edf4f5af4cf853e1f8b5dd17cebc6730453edd910c3365509c9e98fad725483943437a71f672d558f4cf081dfa25b4983f382d9fc4d6af89617bbf0c6a76d1233cb25bc8a8abd4b6d381f9d71d73e2a874459f4ed2ec5dcdb4b2428d2b008b8623ea71d3f0a9bc09e21d475af124906a132b462ddcac712ed01b8e7df8cd0938c6c71ca9b751cae7986b979a8f83aca7beb6692dae373db43d323cc4ea3d703241f5c5792194f96114f538af4ffda1f528a6f17c5a6db80b0d84237e3f89d80393ff0001083f3af29b13e6dc2af5cb66ba69a518dceea6db8ab9e89e10d394c68cc064f35e8365a67438e3e95ccf85230b0c64fb0af40b3995225e95e3e26a3723d8a10b2215d3557b75a492c1319238fa56a2b97e47a553baf31b381815c5ccee74a4727af58ab2b60607d2bcc75db7682eb206066bd4b58d460872b3b81f5ae0bc42f05dc6d240c180eb8af47093945ab9c7898a7b1ebdfb30eb0f79a90d2dddb36aaf32f3d50f51f83303f8d7bdf8925024b48dba8b98241cf6df835f1ffc15f102786be22e9577349e5da485a09cff00b0ea47e8db4fe15f516a1e21b5d72e6d534a86e6e4ac8a37c51975fbea725941518c7722bbab4ba1c7469bbdd773bda28a2a4a3ccfe30e87abea577a2dde850bcb710f9b19291090aeedb8382ca0743c9247b572565f0975ed5dd5f5dbb8618b218adcc86e581f68936443f26af79a29f3325c53773cff004cf84fe1bb68025f25cea2deb3cc5117fdd44daa3f2a2bd028a4558f88be22e9335fe9d049683cc685b2c157271eb9ed5b9f0f7c40fe16f0ec914b64fe64d379c9e64a0205daab92473d57a63f1ac6d1fc41772aecb9d2f5085d47de36ece9f9ae4fe95de7842e2c6ff578604ba82ea711bbb42ea377084fdd233c1c1e9d8574d5a7cb1b4647252af194ef5617f99cb0d4fedb13cb2b219a596598ed18077cacfc7b7cd5bdf0be6f27c4f233b10be4484f19e00e6b8ed846a3303c90413f525b3fd2b5f4dbafecc8f53bbde542d948a7a71918e3f3071ea2a674f9608e18d6f6b5a5656bdcf24f1dea8daa789b55bc73933dc39ce73900e07e80565e92365cc4c477aa372d990e7b715774ccbcc807ad53d158f462ad63d374bd6edad230b23631d3debaed1bc55a44acb14b751abb74073cfe3d2bcd7c37e1c9b5dbb266668e1cf51e95e8763e0df0ee9f7514571780ce46ef29a64ddff7cf5c57975d525a3dcf4293a8f55b1e9567671cb0432c4eac8dce41ea2b95f889777ba7ac56fa5c2cf2c83a85ce2ba4d21adb4df26d55bf74a72a09ed506b5ab5b44669b8dd1a139c64e0579d19c632bdae7638392b5cf1e3e0ad735243737f3ec63ced90fcdf90e958fa8e8573a3ce15c978dc60915d85febde25b9d531a7b4aba7ab47c456a0960572c72ebd8f1d467b77a9e4925d574dff8994021bc51b6451d09ecc2bb956a91b735ac72fb28bbdaf7384f08841e32d0d65c6cfb7dbee046463cd5ce6befe550aa028000e8057e7cdd2b586b2ec32a5183ab0ea3dff3afd065fba3bf15deddd2672dada0b45145200a28a2800a28a2803e31d2b59916e905dce1b2c097489630873ce428031c9e3a0af46f0edd09754f2bcc29fb990a9c7cbf74e707d4641fc6bc7f4ff056a1047fdab25f37d87cc9122065e6509279673c74ddf9d775e181730f8c34b8cc8a6c7ca9d010fbb7622650cbec7cb3fa568e4f95a6ee72ce9c1c94a3a1811dbffa65e960721d07fe380ff53547c6929b4f0dde6de3cd0b19e3ae581c7e95b36fa746f6f094cc534ec0b6c38ddb88fe5585f15815f0fa951c34ea7f4635d3517ba933c9c37f1798f1a9b2589ec4d6e78520f3f51853f1358f3e0c09b47209cd6e783a5f2f55873fc408ac6adf959edc3747aa359dcc563f65d2e4f21e66556947545c738f43ef56b4df032e9d9b917ade7485f708902921c0dc0b75c71c73c738ea6b4743b37b99559beee3815d9c3662384b48a3e51902bc1a95a51d133d6a74e32d59c6432dc3dec712b48521511a9739240f534f94cf1df2b9e467041ee2af5bc3ff00130db8018b124549a8c496f2169b84f5f4f7ac5c8dd1b96112c36e402c81c7423ad73fae69ac18ba023bfd6bb0d26d9e5b4b763892365051d4e41151788ad76c7c8edcd65193bdca94743e7cf15a6cd59b8e5a2c7f3afbc74797cfd26ca5ff009e90237e6a0d7c29f119960d6d58778bfa9afb33c21ae69f1780fc3d777d7d6b6c92e9b6f2169a6541cc4a7b9af7e93bd34cf1e7a49a3aaa2b98bcf1df87ade1f312f9af17b7d86de4bacffdfb56ac65f8971dd4b347a4785fc477b2478dc5ed92d579e9ccce87f4ab22e96e7a0519af34bff1778e25da34bf09e996e5bf8afb56c95f72b1a11f931acf966f88d7a375d788343d322c7234fd39a6653fef4af8fd3f0a57443ad05d4f5867c74a2bc45fc37e20be766d47c79e2695f3f2adb4b159803dc2273453ba337898773cf2ef53d2d2c9e39ef6dfecb14291c69e602a08218fddfbbcfd2a4f06796de2584213fe8eb3e573952a509c7fe3df90f7ac1bafb37db2dc3c4ccd9214b21c83919ae87c06f1b6b2bb24df2adbc8d8249e48c77fad651a8ed6920f423d32393362ec39055fe800ac3f1c5a4ba97862e10c6fbe27f3578eb818e3f0ab9a3ea57d26b5a7d8b246a9e54924842e18858db03f3c1fc0574d636eb737305bcca0ac8c10823d6bbeb4baa3c9c345c64afd5b3e5cba1e54981f5ab9a2cde55f5b383d1c0fceba4f1ef874e9daecf670ae553e6438c654f6fc2b8e5125b4df3a9041efdaa5ea8f56134ecd1f51782544a57a60577b7b0adbd835c32a96d84a213d4f6af34f87773baceda407fd62a9fd2bafd7b522587560bf228f4ec4d7cdd6f8da3dea4fdd4d98ba2e9524334535d4dbe697e67627ab1ae8359d32d5e608ce1e329b89c7b5635ac65e61208db3fa56d6a313981184462047059f97fd6b196e6b17d90ef0b489a5c4f040fbed8485d14f400f503f1c9fc6ae7895e39ed8cc9cab0cf15cabcdf659519e7452480006ce492001f89207e35d05c44468f379838ddb97dba1a97a3b85efa1f397c5a7f2f57b55ee5393f8d7d4bf0bb4dd322f04e83716da75a8b93630869e38515989519dc7af5af22d27e1ecbe35f1fc77d76ac345b1204add03b8c90a3d79db9f6afa0b49d36db4cb2b6b6b45290dba848c0e98c6315ef50fe1c4f98c7d65cee3165b8811b8140a371200f4a85880cd84e49ce6ac33f3d7b5539246dede94d44f32351b2398f238619a8198f97b4b13818c1e49a92671f78f6f7af2af8a5e2cbf6d4bfe117f0e5c0b7b978d5efef430cdb23fdd8d0f6761939ec30475c8a4ba1ac139bb23d1afaeede00ab7332c44f237385268af9d53c35610c0be5c76f3e4e59de4c339fef173827bfebe94557ba6dec9773bcd3c43750a99d4ee552a40e0e722b76d6de1b5da21562d246c030e4631d09ae274f93508f2d32c618aed255f76ee7aff002adfd0eeee64baf2e5461188c827ae38aefad4e13873a0842ad29f2c93b77389f04977f145cbce7e78ade4507b101422fe83f9d775a61dbac58b2ffcf6504e33c1e3fad71be048643a95f4f2a7c9f6775460b804070bfa815b3a86b96ba45cc12cafbe489c49e529e4e39c67a0ac1ae6d11124fda2373c57f0facbc417eb789752da4c3e49311f981c76e09183fe715e73f127c25e10d0b429565d42f65d55b9429b240b83c8206d033c8e4e6a8f8fbe22dc6b16aff669dace2424a471b9f9ff00defef71f85792dd6a135c1026964917a80ee481f4a3d9dbe266d469cb76cf6cf83ba925ce956aacf96b77d8c0fb74fd3f957a478aa075d3649ed46e953f78abd370c8c8f638cfe35f37fc3dd68e8974d7072d03baa48a3d3d7ea2be8bb0d4a2d434c88c6e1d08db9cfaf4af0b194f92af3743e870f3e6858b3e13b0835cb0fb441a9cacfc831ba80d1900f0c3b723e8474aec6e3c2f68b10f3eee6911197192071df381eb5e5315b4da7ea65e09e5b56270b2c671f81f6fad74d7a752bab0dba86ae64b6db9f2d5c65fa7f7073d3a135cb35ae876469c9dbde39eb8beb6d5bc4f63069d0791a7db309df93ba5900182c7b8524e3dce7b0ae8bc67abdbe97a14d713b8548d0c8dcf6acad1f4e16d23dd32eddc36a03d85798fc72d7deead3ec303911ee064c7703a0febf853843dad45033aad534da327c21f187c43a3eb914cb75e669aaec5ec1f0236566c919c6437a376f71c57bc787fe3878735289cde5bded836f7006df39580e872bce4fa631ea6be2f572b9f7ad6d3eea68ed59e49c8897854079627fa57d0c611d8f9ead4233d59f6de9ff00127c25a95dadadaeb76a2e1ca858e40d1658f45f98019cf6f5ade5ba8e645962759236e55d1832b0f6238af815eedcde4b28e910c28f7e9ffd7aedfc11e3bd4bc2b247f62b969212822fb34cc5a2233b98edcf0724f231d4d1c9d8e69e112d51f5cdf5ec105acd3cefe5c312b48ecdc6140249fcabe79835786db4f9b58bf765bfd518ddba23e189724a8e48c285daa3d856debff14748f12781758b3449ac7536836b459dcaebd5c23ffba08c103af7e6bcdfc6d29b036d6eca51d625dc0a952a71f77a0e8303802b39de28e9c061b9a5cb33a28fc42f73029b7b437727f10701cae3d4939efc12077c74345707a5ea92c1992da6920720a9287071c7b1e38f4edd68a8535d4ea9e0ed27cbb1eaba26b71fd995256df71b991437738c827db9a6e91aedd0f17d98b87b78ecde390bb21ca2af92cc483dc6e5efdab815bd266b2f2c90cd70cc463a280b8feb526bd7912b186479637fba0af451e9fe7d6baa2a52972f4265251836cdad4fe24de5adbada594616ca11b33b479800e9b81ed8c74e9eb5ccdc7894df5bb36d5193fde2189f5cfbff00935ceea464439998cc9d0483ef0fc6b2237f225209dd138c647a574a4a1a2391414b527d46e5a7b972c8231d368ed5477703daae48cb2c6639182cc9d18ff18ff1acfcd652ee6f14745e19c491cca7aab2b62bd5fc317b3698aac9b9ed5bef20ea3dc578e785ee560d563473849bf764fa13d3f5c57af787dc08fca94640af2b18b53d0c36da1eb5a2bdb6a76f1b332b2b0fbd5b90d8e996d26181661cfccc5b15e4d6f2dc58ca5ad2e1a146ebc6e5fc471fa115a3732ead241e77f69da88546776d6ddf974fd6bcbe549ee76f33b686ff008df59b7b2b678add819e4f91147ea6bc03c641a6f3f76494899d8fbd7712066924bab895e690e70cfc71ec3b571be224c68fa95d3ff126d1f8903fad6f4128cd58caa5dc5b679953958e5413f283d29b457b279a4cd265a5ff006893fad4f14e4cd9cf0a3154b34aad80df4c5526268bd6f7ac84b02401cd6bdceaf2ead1c66ea40d3a285ce30481d3f1ae673c629f1c8518329c114a494959954e5ece5cc8e8619591be53838ed455586759429fe2c723345733849687a51a916ae99da5f6952699a8462e6626008cca55b0ca482063e87a1ae7afee1a72dbb7313ef57352be6923924958b48dd589eb5cd4d3027962bee2bd5a69455d9e1cd393b162dee8fcd04bd7a0dd542e93cb6207dd3c81e951cfbb21b7647a8a719049161bef76a4e57d0a51b6a88ddf7c609fbcbc7e15166954e0f3486b16cd52155886c8e2bd7bc317c6f74eb7bb07e6236be3fbc3835e3f5dbfc30d4923d49f4cb86c4773cc79ece3b7e23f90ae3c5439e175d0e8a12e5959f53d5564cc60e7ff00af503cd33298863cbce6a5f20c5f29c95ed4e48b6f2dcfa60578ecf41233af32ca235ce5ab96f8923ec5e198a2fe29e6518f60093fae2bbb8ad086f364079e82bcb7e2eea22e359b6b28ce56d63cb7b3373fc82fe75b6163cd5119577cb06705451457b079c2838cfbd149450014b49450059b51b998e48fa515ddf81bc222f6c9ae6f011bc6557da8ac658a8c5dac68a8b6af739cd527c44141ea6b19a4ec47152dc4c641b8fad566c7ad77b7a1ce96b70cfa537345159dcb0a2933466a6e30a7c523c32a4913149108656070411d0d328a407baf83fc4b1ebba62339517718db3a7bff00787b1aea230879c57cdda4ea571a55f477568fb6443d3b30ee0fb57b3e85e37d1f50b75325ca5acf8f9e29982e0fb13c1af2b1187717cd1d8efa35d495a5b9d16b3a84763613dcdc10b142858f6ce3b57ce5a95e49a86a1717737fac99cb9f6cf6aedbe2678ad35471a769d2efb543ba5914f0edd80f503f9fd2b80ae9c2d2f671bbdd98622a73bb2d90514515d47385145140056c785f4c3aa6ab1c6549890ee7f71e9f8d6457a5f80ed56c6dd19c0f364f9dbfa0ac6bd4e489a538f348f45d2e1fb35b2a2f1c514fb5955a3a2bceb23a6ecf9c9be5400f2735151457b8ce041451452189494515230a28a290052d14520128a28a0028a28a002968a28044d66a1aea30c3237722bbbb2be64da547b514572627568e8a075965a8b98463345145713dcdcfffd9, ''),
(39, '2018', 'Junrel Ednalig', 'BSCpE4A', '', '', 0xffd8ffe000104a46494600010101006000600000ffe100824578696600004d4d002a00000008000187690004000000010000001a00000000000490030002000000140000005090040002000000140000006492910002000000033534000092920002000000033534000000000000323032313a31303a32332030313a32363a323000323032313a31303a32332030313a32363a3230000000ffe101a0687474703a2f2f6e732e61646f62652e636f6d2f7861702f312e302f003c3f787061636b657420626567696e3d27efbbbf272069643d2757354d304d7043656869487a7265537a4e54637a6b633964273f3e0d0a3c783a786d706d65746120786d6c6e733a783d2261646f62653a6e733a6d6574612f223e3c7264663a52444620786d6c6e733a7264663d22687474703a2f2f7777772e77332e6f72672f313939392f30322f32322d7264662d73796e7461782d6e7323223e3c7264663a4465736372697074696f6e207264663a61626f75743d22757569643a66616635626464352d626133642d313164612d616433312d6433336437353138326631622220786d6c6e733a786d703d22687474703a2f2f6e732e61646f62652e636f6d2f7861702f312e302f223e3c786d703a437265617465446174653e323032312d31302d32335430313a32363a32302e3534303c2f786d703a437265617465446174653e3c2f7264663a4465736372697074696f6e3e3c2f7264663a5244463e3c2f783a786d706d6574613e0d0a3c3f787061636b657420656e643d2777273f3effdb00430006040506050406060506070706080a100a0a09090a140e0f0c1017141818171416161a1d251f1a1b231c1616202c20232627292a29191f2d302d283025282928ffdb0043010707070a080a130a0a13281a161a2828282828282828282828282828282828282828282828282828282828282828282828282828282828282828282828282828ffc00011080096009603012200021101031101ffc4001f0000010501010101010100000000000000000102030405060708090a0bffc400b5100002010303020403050504040000017d01020300041105122131410613516107227114328191a1082342b1c11552d1f02433627282090a161718191a25262728292a3435363738393a434445464748494a535455565758595a636465666768696a737475767778797a838485868788898a92939495969798999aa2a3a4a5a6a7a8a9aab2b3b4b5b6b7b8b9bac2c3c4c5c6c7c8c9cad2d3d4d5d6d7d8d9dae1e2e3e4e5e6e7e8e9eaf1f2f3f4f5f6f7f8f9faffc4001f0100030101010101010101010000000000000102030405060708090a0bffc400b51100020102040403040705040400010277000102031104052131061241510761711322328108144291a1b1c109233352f0156272d10a162434e125f11718191a262728292a35363738393a434445464748494a535455565758595a636465666768696a737475767778797a82838485868788898a92939495969798999aa2a3a4a5a6a7a8a9aab2b3b4b5b6b7b8b9bac2c3c4c5c6c7c8c9cad2d3d4d5d6d7d8d9dae2e3e4e5e6e7e8e9eaf2f3f4f5f6f7f8f9faffda000c03010002110311003f0092cd724715d1d80c002b12c17214d74967672dc5bb98d580da40707183db9aad2c7cfc62e4ec8d9b15031eb51f8b98af87e54440cf2e63ce39552a7791ff00010d52d8306c1460c338e0e68f1705ff00847a50ca8eccc00dddb83b8ffdf1bea1954f49a394f818c22f186c719592cb3149c8e03600fc704d7b2f8f3c5963e0ff000ecfa95fb8f946228c7591fb015e2df069ddfc70ae25ff004516cde593d1b18000f7039fcebcf7e3678f4f8a3c6b2c509dfa5698cd0c033f2c8e0fccfee09e07b0f7ad20b98f662f9608e735ff00115e6b5a95d6b9ad6e96e276fdd839da839f947b73fa57297174f7527cb18ebd855efb45cead727cc6693dcf403dab7b4cd0940ddb79fa55d4aaa0b52a14dc9981a7d95c37cdb5ba5684925e43180dbb00e7ad75f6da66c5e16967d277a9c8c5727d6b53a3eac70f06a72c13a31f9194e432f047e35f4bfc2cf1c1f1658c3a6ead334971670b337cc57cd50540271d7193e9dbea7e79d6b49688938e3e950786f5db9d0354b6bcb6244b0b1c8ce37a918653f51fd0f6aea838d54ae73cd4a1748fbc2186d6cc44204484370085e4fd4ff8d52d62e50df58c6a41293a67db271fd6b2bc21e218bc49b5e197fd164b78a684630482a377e3938fc2ac6b16ed6fa95bba29f264ba80963fde32723f2a89c5456a14e4e52ba3a9a28a2a4b3859e4f23e27ceac485934ff0033f1dca3f921ae92d6e0be9b74e5fe542e47a81d7fad70bf112edb4ef1f68f2a71f69b66898ffb2a2427f565abb67aa44349bf26e910ed04a1e7233c75ff003c8ade294a271cdf2d46fb8a66863b4d93c8cbfbcdcb819e303de8ae0afbc67a7c0de4c370b71306259618de60a3df603cfd68abf6d2e88e7f62ce66f3c4ba1684b879fed9723fe58c3f360fb9e83f139f6acdff0084b2f7c516f2a71636cad848a190e7006796efce3b0af32f14d84da25bc1fbd579643838edf4f5af4cf853e1f8b5dd17cebc6730453edd910c3365509c9e98fad725483943437a71f672d558f4cf081dfa25b4983f382d9fc4d6af89617bbf0c6a76d1233cb25bc8a8abd4b6d381f9d71d73e2a874459f4ed2ec5dcdb4b2428d2b008b8623ea71d3f0a9bc09e21d475af124906a132b462ddcac712ed01b8e7df8cd0938c6c71ca9b751cae7986b979a8f83aca7beb6692dae373db43d323cc4ea3d703241f5c5792194f96114f538af4ffda1f528a6f17c5a6db80b0d84237e3f89d80393ff0001083f3af29b13e6dc2af5cb66ba69a518dceea6db8ab9e89e10d394c68cc064f35e8365a67438e3e95ccf85230b0c64fb0af40b3995225e95e3e26a3723d8a10b2215d3557b75a492c1319238fa56a2b97e47a553baf31b381815c5ccee74a4727af58ab2b60607d2bcc75db7682eb206066bd4b58d460872b3b81f5ae0bc42f05dc6d240c180eb8af47093945ab9c7898a7b1ebdfb30eb0f79a90d2dddb36aaf32f3d50f51f83303f8d7bdf8925024b48dba8b98241cf6df835f1ffc15f102786be22e9577349e5da485a09cff00b0ea47e8db4fe15f516a1e21b5d72e6d534a86e6e4ac8a37c51975fbea725941518c7722bbab4ba1c7469bbdd773bda28a2a4a3ccfe30e87abea577a2dde850bcb710f9b19291090aeedb8382ca0743c9247b572565f0975ed5dd5f5dbb8618b218adcc86e581f68936443f26af79a29f3325c53773cff004cf84fe1bb68025f25cea2deb3cc5117fdd44daa3f2a2bd028a4558f88be22e9335fe9d049683cc685b2c157271eb9ed5b9f0f7c40fe16f0ec914b64fe64d379c9e64a0205daab92473d57a63f1ac6d1fc41772aecb9d2f5085d47de36ece9f9ae4fe95de7842e2c6ff578604ba82ea711bbb42ea377084fdd233c1c1e9d8574d5a7cb1b4647252af194ef5617f99cb0d4fedb13cb2b219a596598ed18077cacfc7b7cd5bdf0be6f27c4f233b10be4484f19e00e6b8ed846a3303c90413f525b3fd2b5f4dbafecc8f53bbde542d948a7a71918e3f3071ea2a674f9608e18d6f6b5a5656bdcf24f1dea8daa789b55bc73933dc39ce73900e07e80565e92365cc4c477aa372d990e7b715774ccbcc807ad53d158f462ad63d374bd6edad230b23631d3debaed1bc55a44acb14b751abb74073cfe3d2bcd7c37e1c9b5dbb266668e1cf51e95e8763e0df0ee9f7514571780ce46ef29a64ddff7cf5c57975d525a3dcf4293a8f55b1e9567671cb0432c4eac8dce41ea2b95f889777ba7ac56fa5c2cf2c83a85ce2ba4d21adb4df26d55bf74a72a09ed506b5ab5b44669b8dd1a139c64e0579d19c632bdae7638392b5cf1e3e0ad735243737f3ec63ced90fcdf90e958fa8e8573a3ce15c978dc60915d85febde25b9d531a7b4aba7ab47c456a0960572c72ebd8f1d467b77a9e4925d574dff8994021bc51b6451d09ecc2bb956a91b735ac72fb28bbdaf7384f08841e32d0d65c6cfb7dbee046463cd5ce6befe550aa028000e8057e7cdd2b586b2ec32a5183ab0ea3dff3afd065fba3bf15deddd2672dada0b45145200a28a2800a28a2803e31d2b59916e905dce1b2c097489630873ce428031c9e3a0af46f0edd09754f2bcc29fb990a9c7cbf74e707d4641fc6bc7f4ff056a1047fdab25f37d87cc9122065e6509279673c74ddf9d775e181730f8c34b8cc8a6c7ca9d010fbb7622650cbec7cb3fa568e4f95a6ee72ce9c1c94a3a1811dbffa65e960721d07fe380ff53547c6929b4f0dde6de3cd0b19e3ae581c7e95b36fa746f6f094cc534ec0b6c38ddb88fe5585f15815f0fa951c34ea7f4635d3517ba933c9c37f1798f1a9b2589ec4d6e78520f3f51853f1358f3e0c09b47209cd6e783a5f2f55873fc408ac6adf959edc3747aa359dcc563f65d2e4f21e66556947545c738f43ef56b4df032e9d9b917ade7485f708902921c0dc0b75c71c73c738ea6b4743b37b99559beee3815d9c3662384b48a3e51902bc1a95a51d133d6a74e32d59c6432dc3dec712b48521511a9739240f534f94cf1df2b9e467041ee2af5bc3ff00130db8018b124549a8c496f2169b84f5f4f7ac5c8dd1b96112c36e402c81c7423ad73fae69ac18ba023bfd6bb0d26d9e5b4b763892365051d4e41151788ad76c7c8edcd65193bdca94743e7cf15a6cd59b8e5a2c7f3afbc74797cfd26ca5ff009e90237e6a0d7c29f119960d6d58778bfa9afb33c21ae69f1780fc3d777d7d6b6c92e9b6f2169a6541cc4a7b9af7e93bd34cf1e7a49a3aaa2b98bcf1df87ade1f312f9af17b7d86de4bacffdfb56ac65f8971dd4b347a4785fc477b2478dc5ed92d579e9ccce87f4ab22e96e7a0519af34bff1778e25da34bf09e996e5bf8afb56c95f72b1a11f931acf966f88d7a375d788343d322c7234fd39a6653fef4af8fd3f0a57443ad05d4f5867c74a2bc45fc37e20be766d47c79e2695f3f2adb4b159803dc2273453ba337898773cf2ef53d2d2c9e39ef6dfecb14291c69e602a08218fddfbbcfd2a4f06796de2584213fe8eb3e573952a509c7fe3df90f7ac1bafb37db2dc3c4ccd9214b21c83919ae87c06f1b6b2bb24df2adbc8d8249e48c77fad651a8ed6920f423d32393362ec39055fe800ac3f1c5a4ba97862e10c6fbe27f3578eb818e3f0ab9a3ea57d26b5a7d8b246a9e54924842e18858db03f3c1fc0574d636eb737305bcca0ac8c10823d6bbeb4baa3c9c345c64afd5b3e5cba1e54981f5ab9a2cde55f5b383d1c0fceba4f1ef874e9daecf670ae553e6438c654f6fc2b8e5125b4df3a9041efdaa5ea8f56134ecd1f51782544a57a60577b7b0adbd835c32a96d84a213d4f6af34f87773baceda407fd62a9fd2bafd7b522587560bf228f4ec4d7cdd6f8da3dea4fdd4d98ba2e9524334535d4dbe697e67627ab1ae8359d32d5e608ce1e329b89c7b5635ac65e61208db3fa56d6a313981184462047059f97fd6b196e6b17d90ef0b489a5c4f040fbed8485d14f400f503f1c9fc6ae7895e39ed8cc9cab0cf15cabcdf659519e7452480006ce492001f89207e35d05c44468f379838ddb97dba1a97a3b85efa1f397c5a7f2f57b55ee5393f8d7d4bf0bb4dd322f04e83716da75a8b93630869e38515989519dc7af5af22d27e1ecbe35f1fc77d76ac345b1204add03b8c90a3d79db9f6afa0b49d36db4cb2b6b6b45290dba848c0e98c6315ef50fe1c4f98c7d65cee3165b8811b8140a371200f4a85880cd84e49ce6ac33f3d7b5539246dede94d44f32351b2398f238619a8198f97b4b13818c1e49a92671f78f6f7af2af8a5e2cbf6d4bfe117f0e5c0b7b978d5efef430cdb23fdd8d0f6761939ec30475c8a4ba1ac139bb23d1afaeede00ab7332c44f237385268af9d53c35610c0be5c76f3e4e59de4c339fef173827bfebe94557ba6dec9773bcd3c43750a99d4ee552a40e0e722b76d6de1b5da21562d246c030e4631d09ae274f93508f2d32c618aed255f76ee7aff002adfd0eeee64baf2e5461188c827ae38aefad4e13873a0842ad29f2c93b77389f04977f145cbce7e78ade4507b101422fe83f9d775a61dbac58b2ffcf6504e33c1e3fad71be048643a95f4f2a7c9f6775460b804070bfa815b3a86b96ba45cc12cafbe489c49e529e4e39c67a0ac1ae6d11124fda2373c57f0facbc417eb789752da4c3e49311f981c76e09183fe715e73f127c25e10d0b429565d42f65d55b9429b240b83c8206d033c8e4e6a8f8fbe22dc6b16aff669dace2424a471b9f9ff00defef71f85792dd6a135c1026964917a80ee481f4a3d9dbe266d469cb76cf6cf83ba925ce956aacf96b77d8c0fb74fd3f957a478aa075d3649ed46e953f78abd370c8c8f638cfe35f37fc3dd68e8974d7072d03baa48a3d3d7ea2be8bb0d4a2d434c88c6e1d08db9cfaf4af0b194f92af3743e870f3e6858b3e13b0835cb0fb441a9cacfc831ba80d1900f0c3b723e8474aec6e3c2f68b10f3eee6911197192071df381eb5e5315b4da7ea65e09e5b56270b2c671f81f6fad74d7a752bab0dba86ae64b6db9f2d5c65fa7f7073d3a135cb35ae876469c9dbde39eb8beb6d5bc4f63069d0791a7db309df93ba5900182c7b8524e3dce7b0ae8bc67abdbe97a14d713b8548d0c8dcf6acad1f4e16d23dd32eddc36a03d85798fc72d7deead3ec303911ee064c7703a0febf853843dad45033aad534da327c21f187c43a3eb914cb75e669aaec5ec1f0236566c919c6437a376f71c57bc787fe3878735289cde5bded836f7006df39580e872bce4fa631ea6be2f572b9f7ad6d3eea68ed59e49c8897854079627fa57d0c611d8f9ead4233d59f6de9ff00127c25a95dadadaeb76a2e1ca858e40d1658f45f98019cf6f5ade5ba8e645962759236e55d1832b0f6238af815eedcde4b28e910c28f7e9ffd7aedfc11e3bd4bc2b247f62b969212822fb34cc5a2233b98edcf0724f231d4d1c9d8e69e112d51f5cdf5ec105acd3cefe5c312b48ecdc6140249fcabe79835786db4f9b58bf765bfd518ddba23e189724a8e48c285daa3d856debff14748f12781758b3449ac7536836b459dcaebd5c23ffba08c103af7e6bcdfc6d29b036d6eca51d625dc0a952a71f77a0e8303802b39de28e9c061b9a5cb33a28fc42f73029b7b437727f10701cae3d4939efc12077c74345707a5ea92c1992da6920720a9287071c7b1e38f4edd68a8535d4ea9e0ed27cbb1eaba26b71fd995256df71b991437738c827db9a6e91aedd0f17d98b87b78ecde390bb21ca2af92cc483dc6e5efdab815bd266b2f2c90cd70cc463a280b8feb526bd7912b186479637fba0af451e9fe7d6baa2a52972f4265251836cdad4fe24de5adbada594616ca11b33b479800e9b81ed8c74e9eb5ccdc7894df5bb36d5193fde2189f5cfbff00935ceea464439998cc9d0483ef0fc6b2237f225209dd138c647a574a4a1a2391414b527d46e5a7b972c8231d368ed5477703daae48cb2c6639182cc9d18ff18ff1acfcd652ee6f14745e19c491cca7aab2b62bd5fc317b3698aac9b9ed5bef20ea3dc578e785ee560d563473849bf764fa13d3f5c57af787dc08fca94640af2b18b53d0c36da1eb5a2bdb6a76f1b332b2b0fbd5b90d8e996d26181661cfccc5b15e4d6f2dc58ca5ad2e1a146ebc6e5fc471fa115a3732ead241e77f69da88546776d6ddf974fd6bcbe549ee76f33b686ff008df59b7b2b678add819e4f91147ea6bc03c641a6f3f76494899d8fbd7712066924bab895e690e70cfc71ec3b571be224c68fa95d3ff126d1f8903fad6f4128cd58caa5dc5b679953958e5413f283d29b457b279a4cd265a5ff006893fad4f14e4cd9cf0a3154b34aad80df4c5526268bd6f7ac84b02401cd6bdceaf2ead1c66ea40d3a285ce30481d3f1ae673c629f1c8518329c114a494959954e5ece5cc8e8619591be53838ed455586759429fe2c723345733849687a51a916ae99da5f6952699a8462e6626008cca55b0ca482063e87a1ae7afee1a72dbb7313ef57352be6923924958b48dd589eb5cd4d3027962bee2bd5a69455d9e1cd393b162dee8fcd04bd7a0dd542e93cb6207dd3c81e951cfbb21b7647a8a719049161bef76a4e57d0a51b6a88ddf7c609fbcbc7e15166954e0f3486b16cd52155886c8e2bd7bc317c6f74eb7bb07e6236be3fbc3835e3f5dbfc30d4923d49f4cb86c4773cc79ece3b7e23f90ae3c5439e175d0e8a12e5959f53d5564cc60e7ff00af503cd33298863cbce6a5f20c5f29c95ed4e48b6f2dcfa60578ecf41233af32ca235ce5ab96f8923ec5e198a2fe29e6518f60093fae2bbb8ad086f364079e82bcb7e2eea22e359b6b28ce56d63cb7b3373fc82fe75b6163cd5119577cb06705451457b079c2838cfbd149450014b49450059b51b998e48fa515ddf81bc222f6c9ae6f011bc6557da8ac658a8c5dac68a8b6af739cd527c44141ea6b19a4ec47152dc4c641b8fad566c7ad77b7a1ce96b70cfa537345159dcb0a2933466a6e30a7c523c32a4913149108656070411d0d328a407baf83fc4b1ebba62339517718db3a7bff00787b1aea230879c57cdda4ea571a55f477568fb6443d3b30ee0fb57b3e85e37d1f50b75325ca5acf8f9e29982e0fb13c1af2b1187717cd1d8efa35d495a5b9d16b3a84763613dcdc10b142858f6ce3b57ce5a95e49a86a1717737fac99cb9f6cf6aedbe2678ad35471a769d2efb543ba5914f0edd80f503f9fd2b80ae9c2d2f671bbdd98622a73bb2d90514515d47385145140056c785f4c3aa6ab1c6549890ee7f71e9f8d6457a5f80ed56c6dd19c0f364f9dbfa0ac6bd4e489a538f348f45d2e1fb35b2a2f1c514fb5955a3a2bceb23a6ecf9c9be5400f2735151457b8ce041451452189494515230a28a290052d14520128a28a0028a28a002968a28044d66a1aea30c3237722bbbb2be64da547b514572627568e8a075965a8b98463345145713dcdcfffd9, '');
INSERT INTO `historylog` (`ID1`, `id`, `student`, `Course$Section`, `usrname`, `paswrd`, `profile_photo`, `timein`) VALUES
(40, '2018', 'Junrel Ednalig', 'BSCpE4A', '', '', 0xffd8ffe000104a46494600010101006000600000ffe100824578696600004d4d002a00000008000187690004000000010000001a00000000000490030002000000140000005090040002000000140000006492910002000000033534000092920002000000033534000000000000323032313a31303a32332030313a32363a323000323032313a31303a32332030313a32363a3230000000ffe101a0687474703a2f2f6e732e61646f62652e636f6d2f7861702f312e302f003c3f787061636b657420626567696e3d27efbbbf272069643d2757354d304d7043656869487a7265537a4e54637a6b633964273f3e0d0a3c783a786d706d65746120786d6c6e733a783d2261646f62653a6e733a6d6574612f223e3c7264663a52444620786d6c6e733a7264663d22687474703a2f2f7777772e77332e6f72672f313939392f30322f32322d7264662d73796e7461782d6e7323223e3c7264663a4465736372697074696f6e207264663a61626f75743d22757569643a66616635626464352d626133642d313164612d616433312d6433336437353138326631622220786d6c6e733a786d703d22687474703a2f2f6e732e61646f62652e636f6d2f7861702f312e302f223e3c786d703a437265617465446174653e323032312d31302d32335430313a32363a32302e3534303c2f786d703a437265617465446174653e3c2f7264663a4465736372697074696f6e3e3c2f7264663a5244463e3c2f783a786d706d6574613e0d0a3c3f787061636b657420656e643d2777273f3effdb00430006040506050406060506070706080a100a0a09090a140e0f0c1017141818171416161a1d251f1a1b231c1616202c20232627292a29191f2d302d283025282928ffdb0043010707070a080a130a0a13281a161a2828282828282828282828282828282828282828282828282828282828282828282828282828282828282828282828282828ffc00011080096009603012200021101031101ffc4001f0000010501010101010100000000000000000102030405060708090a0bffc400b5100002010303020403050504040000017d01020300041105122131410613516107227114328191a1082342b1c11552d1f02433627282090a161718191a25262728292a3435363738393a434445464748494a535455565758595a636465666768696a737475767778797a838485868788898a92939495969798999aa2a3a4a5a6a7a8a9aab2b3b4b5b6b7b8b9bac2c3c4c5c6c7c8c9cad2d3d4d5d6d7d8d9dae1e2e3e4e5e6e7e8e9eaf1f2f3f4f5f6f7f8f9faffc4001f0100030101010101010101010000000000000102030405060708090a0bffc400b51100020102040403040705040400010277000102031104052131061241510761711322328108144291a1b1c109233352f0156272d10a162434e125f11718191a262728292a35363738393a434445464748494a535455565758595a636465666768696a737475767778797a82838485868788898a92939495969798999aa2a3a4a5a6a7a8a9aab2b3b4b5b6b7b8b9bac2c3c4c5c6c7c8c9cad2d3d4d5d6d7d8d9dae2e3e4e5e6e7e8e9eaf2f3f4f5f6f7f8f9faffda000c03010002110311003f0092cd724715d1d80c002b12c17214d74967672dc5bb98d580da40707183db9aad2c7cfc62e4ec8d9b15031eb51f8b98af87e54440cf2e63ce39552a7791ff00010d52d8306c1460c338e0e68f1705ff00847a50ca8eccc00dddb83b8ffdf1bea1954f49a394f818c22f186c719592cb3149c8e03600fc704d7b2f8f3c5963e0ff000ecfa95fb8f946228c7591fb015e2df069ddfc70ae25ff004516cde593d1b18000f7039fcebcf7e3678f4f8a3c6b2c509dfa5698cd0c033f2c8e0fccfee09e07b0f7ad20b98f662f9608e735ff00115e6b5a95d6b9ad6e96e276fdd839da839f947b73fa57297174f7527cb18ebd855efb45cead727cc6693dcf403dab7b4cd0940ddb79fa55d4aaa0b52a14dc9981a7d95c37cdb5ba5684925e43180dbb00e7ad75f6da66c5e16967d277a9c8c5727d6b53a3eac70f06a72c13a31f9194e432f047e35f4bfc2cf1c1f1658c3a6ead334971670b337cc57cd50540271d7193e9dbea7e79d6b49688938e3e950786f5db9d0354b6bcb6244b0b1c8ce37a918653f51fd0f6aea838d54ae73cd4a1748fbc2186d6cc44204484370085e4fd4ff8d52d62e50df58c6a41293a67db271fd6b2bc21e218bc49b5e197fd164b78a684630482a377e3938fc2ac6b16ed6fa95bba29f264ba80963fde32723f2a89c5456a14e4e52ba3a9a28a2a4b3859e4f23e27ceac485934ff0033f1dca3f921ae92d6e0be9b74e5fe542e47a81d7fad70bf112edb4ef1f68f2a71f69b66898ffb2a2427f565abb67aa44349bf26e910ed04a1e7233c75ff003c8ade294a271cdf2d46fb8a66863b4d93c8cbfbcdcb819e303de8ae0afbc67a7c0de4c370b71306259618de60a3df603cfd68abf6d2e88e7f62ce66f3c4ba1684b879fed9723fe58c3f360fb9e83f139f6acdff0084b2f7c516f2a71636cad848a190e7006796efce3b0af32f14d84da25bc1fbd579643838edf4f5af4cf853e1f8b5dd17cebc6730453edd910c3365509c9e98fad725483943437a71f672d558f4cf081dfa25b4983f382d9fc4d6af89617bbf0c6a76d1233cb25bc8a8abd4b6d381f9d71d73e2a874459f4ed2ec5dcdb4b2428d2b008b8623ea71d3f0a9bc09e21d475af124906a132b462ddcac712ed01b8e7df8cd0938c6c71ca9b751cae7986b979a8f83aca7beb6692dae373db43d323cc4ea3d703241f5c5792194f96114f538af4ffda1f528a6f17c5a6db80b0d84237e3f89d80393ff0001083f3af29b13e6dc2af5cb66ba69a518dceea6db8ab9e89e10d394c68cc064f35e8365a67438e3e95ccf85230b0c64fb0af40b3995225e95e3e26a3723d8a10b2215d3557b75a492c1319238fa56a2b97e47a553baf31b381815c5ccee74a4727af58ab2b60607d2bcc75db7682eb206066bd4b58d460872b3b81f5ae0bc42f05dc6d240c180eb8af47093945ab9c7898a7b1ebdfb30eb0f79a90d2dddb36aaf32f3d50f51f83303f8d7bdf8925024b48dba8b98241cf6df835f1ffc15f102786be22e9577349e5da485a09cff00b0ea47e8db4fe15f516a1e21b5d72e6d534a86e6e4ac8a37c51975fbea725941518c7722bbab4ba1c7469bbdd773bda28a2a4a3ccfe30e87abea577a2dde850bcb710f9b19291090aeedb8382ca0743c9247b572565f0975ed5dd5f5dbb8618b218adcc86e581f68936443f26af79a29f3325c53773cff004cf84fe1bb68025f25cea2deb3cc5117fdd44daa3f2a2bd028a4558f88be22e9335fe9d049683cc685b2c157271eb9ed5b9f0f7c40fe16f0ec914b64fe64d379c9e64a0205daab92473d57a63f1ac6d1fc41772aecb9d2f5085d47de36ece9f9ae4fe95de7842e2c6ff578604ba82ea711bbb42ea377084fdd233c1c1e9d8574d5a7cb1b4647252af194ef5617f99cb0d4fedb13cb2b219a596598ed18077cacfc7b7cd5bdf0be6f27c4f233b10be4484f19e00e6b8ed846a3303c90413f525b3fd2b5f4dbafecc8f53bbde542d948a7a71918e3f3071ea2a674f9608e18d6f6b5a5656bdcf24f1dea8daa789b55bc73933dc39ce73900e07e80565e92365cc4c477aa372d990e7b715774ccbcc807ad53d158f462ad63d374bd6edad230b23631d3debaed1bc55a44acb14b751abb74073cfe3d2bcd7c37e1c9b5dbb266668e1cf51e95e8763e0df0ee9f7514571780ce46ef29a64ddff7cf5c57975d525a3dcf4293a8f55b1e9567671cb0432c4eac8dce41ea2b95f889777ba7ac56fa5c2cf2c83a85ce2ba4d21adb4df26d55bf74a72a09ed506b5ab5b44669b8dd1a139c64e0579d19c632bdae7638392b5cf1e3e0ad735243737f3ec63ced90fcdf90e958fa8e8573a3ce15c978dc60915d85febde25b9d531a7b4aba7ab47c456a0960572c72ebd8f1d467b77a9e4925d574dff8994021bc51b6451d09ecc2bb956a91b735ac72fb28bbdaf7384f08841e32d0d65c6cfb7dbee046463cd5ce6befe550aa028000e8057e7cdd2b586b2ec32a5183ab0ea3dff3afd065fba3bf15deddd2672dada0b45145200a28a2800a28a2803e31d2b59916e905dce1b2c097489630873ce428031c9e3a0af46f0edd09754f2bcc29fb990a9c7cbf74e707d4641fc6bc7f4ff056a1047fdab25f37d87cc9122065e6509279673c74ddf9d775e181730f8c34b8cc8a6c7ca9d010fbb7622650cbec7cb3fa568e4f95a6ee72ce9c1c94a3a1811dbffa65e960721d07fe380ff53547c6929b4f0dde6de3cd0b19e3ae581c7e95b36fa746f6f094cc534ec0b6c38ddb88fe5585f15815f0fa951c34ea7f4635d3517ba933c9c37f1798f1a9b2589ec4d6e78520f3f51853f1358f3e0c09b47209cd6e783a5f2f55873fc408ac6adf959edc3747aa359dcc563f65d2e4f21e66556947545c738f43ef56b4df032e9d9b917ade7485f708902921c0dc0b75c71c73c738ea6b4743b37b99559beee3815d9c3662384b48a3e51902bc1a95a51d133d6a74e32d59c6432dc3dec712b48521511a9739240f534f94cf1df2b9e467041ee2af5bc3ff00130db8018b124549a8c496f2169b84f5f4f7ac5c8dd1b96112c36e402c81c7423ad73fae69ac18ba023bfd6bb0d26d9e5b4b763892365051d4e41151788ad76c7c8edcd65193bdca94743e7cf15a6cd59b8e5a2c7f3afbc74797cfd26ca5ff009e90237e6a0d7c29f119960d6d58778bfa9afb33c21ae69f1780fc3d777d7d6b6c92e9b6f2169a6541cc4a7b9af7e93bd34cf1e7a49a3aaa2b98bcf1df87ade1f312f9af17b7d86de4bacffdfb56ac65f8971dd4b347a4785fc477b2478dc5ed92d579e9ccce87f4ab22e96e7a0519af34bff1778e25da34bf09e996e5bf8afb56c95f72b1a11f931acf966f88d7a375d788343d322c7234fd39a6653fef4af8fd3f0a57443ad05d4f5867c74a2bc45fc37e20be766d47c79e2695f3f2adb4b159803dc2273453ba337898773cf2ef53d2d2c9e39ef6dfecb14291c69e602a08218fddfbbcfd2a4f06796de2584213fe8eb3e573952a509c7fe3df90f7ac1bafb37db2dc3c4ccd9214b21c83919ae87c06f1b6b2bb24df2adbc8d8249e48c77fad651a8ed6920f423d32393362ec39055fe800ac3f1c5a4ba97862e10c6fbe27f3578eb818e3f0ab9a3ea57d26b5a7d8b246a9e54924842e18858db03f3c1fc0574d636eb737305bcca0ac8c10823d6bbeb4baa3c9c345c64afd5b3e5cba1e54981f5ab9a2cde55f5b383d1c0fceba4f1ef874e9daecf670ae553e6438c654f6fc2b8e5125b4df3a9041efdaa5ea8f56134ecd1f51782544a57a60577b7b0adbd835c32a96d84a213d4f6af34f87773baceda407fd62a9fd2bafd7b522587560bf228f4ec4d7cdd6f8da3dea4fdd4d98ba2e9524334535d4dbe697e67627ab1ae8359d32d5e608ce1e329b89c7b5635ac65e61208db3fa56d6a313981184462047059f97fd6b196e6b17d90ef0b489a5c4f040fbed8485d14f400f503f1c9fc6ae7895e39ed8cc9cab0cf15cabcdf659519e7452480006ce492001f89207e35d05c44468f379838ddb97dba1a97a3b85efa1f397c5a7f2f57b55ee5393f8d7d4bf0bb4dd322f04e83716da75a8b93630869e38515989519dc7af5af22d27e1ecbe35f1fc77d76ac345b1204add03b8c90a3d79db9f6afa0b49d36db4cb2b6b6b45290dba848c0e98c6315ef50fe1c4f98c7d65cee3165b8811b8140a371200f4a85880cd84e49ce6ac33f3d7b5539246dede94d44f32351b2398f238619a8198f97b4b13818c1e49a92671f78f6f7af2af8a5e2cbf6d4bfe117f0e5c0b7b978d5efef430cdb23fdd8d0f6761939ec30475c8a4ba1ac139bb23d1afaeede00ab7332c44f237385268af9d53c35610c0be5c76f3e4e59de4c339fef173827bfebe94557ba6dec9773bcd3c43750a99d4ee552a40e0e722b76d6de1b5da21562d246c030e4631d09ae274f93508f2d32c618aed255f76ee7aff002adfd0eeee64baf2e5461188c827ae38aefad4e13873a0842ad29f2c93b77389f04977f145cbce7e78ade4507b101422fe83f9d775a61dbac58b2ffcf6504e33c1e3fad71be048643a95f4f2a7c9f6775460b804070bfa815b3a86b96ba45cc12cafbe489c49e529e4e39c67a0ac1ae6d11124fda2373c57f0facbc417eb789752da4c3e49311f981c76e09183fe715e73f127c25e10d0b429565d42f65d55b9429b240b83c8206d033c8e4e6a8f8fbe22dc6b16aff669dace2424a471b9f9ff00defef71f85792dd6a135c1026964917a80ee481f4a3d9dbe266d469cb76cf6cf83ba925ce956aacf96b77d8c0fb74fd3f957a478aa075d3649ed46e953f78abd370c8c8f638cfe35f37fc3dd68e8974d7072d03baa48a3d3d7ea2be8bb0d4a2d434c88c6e1d08db9cfaf4af0b194f92af3743e870f3e6858b3e13b0835cb0fb441a9cacfc831ba80d1900f0c3b723e8474aec6e3c2f68b10f3eee6911197192071df381eb5e5315b4da7ea65e09e5b56270b2c671f81f6fad74d7a752bab0dba86ae64b6db9f2d5c65fa7f7073d3a135cb35ae876469c9dbde39eb8beb6d5bc4f63069d0791a7db309df93ba5900182c7b8524e3dce7b0ae8bc67abdbe97a14d713b8548d0c8dcf6acad1f4e16d23dd32eddc36a03d85798fc72d7deead3ec303911ee064c7703a0febf853843dad45033aad534da327c21f187c43a3eb914cb75e669aaec5ec1f0236566c919c6437a376f71c57bc787fe3878735289cde5bded836f7006df39580e872bce4fa631ea6be2f572b9f7ad6d3eea68ed59e49c8897854079627fa57d0c611d8f9ead4233d59f6de9ff00127c25a95dadadaeb76a2e1ca858e40d1658f45f98019cf6f5ade5ba8e645962759236e55d1832b0f6238af815eedcde4b28e910c28f7e9ffd7aedfc11e3bd4bc2b247f62b969212822fb34cc5a2233b98edcf0724f231d4d1c9d8e69e112d51f5cdf5ec105acd3cefe5c312b48ecdc6140249fcabe79835786db4f9b58bf765bfd518ddba23e189724a8e48c285daa3d856debff14748f12781758b3449ac7536836b459dcaebd5c23ffba08c103af7e6bcdfc6d29b036d6eca51d625dc0a952a71f77a0e8303802b39de28e9c061b9a5cb33a28fc42f73029b7b437727f10701cae3d4939efc12077c74345707a5ea92c1992da6920720a9287071c7b1e38f4edd68a8535d4ea9e0ed27cbb1eaba26b71fd995256df71b991437738c827db9a6e91aedd0f17d98b87b78ecde390bb21ca2af92cc483dc6e5efdab815bd266b2f2c90cd70cc463a280b8feb526bd7912b186479637fba0af451e9fe7d6baa2a52972f4265251836cdad4fe24de5adbada594616ca11b33b479800e9b81ed8c74e9eb5ccdc7894df5bb36d5193fde2189f5cfbff00935ceea464439998cc9d0483ef0fc6b2237f225209dd138c647a574a4a1a2391414b527d46e5a7b972c8231d368ed5477703daae48cb2c6639182cc9d18ff18ff1acfcd652ee6f14745e19c491cca7aab2b62bd5fc317b3698aac9b9ed5bef20ea3dc578e785ee560d563473849bf764fa13d3f5c57af787dc08fca94640af2b18b53d0c36da1eb5a2bdb6a76f1b332b2b0fbd5b90d8e996d26181661cfccc5b15e4d6f2dc58ca5ad2e1a146ebc6e5fc471fa115a3732ead241e77f69da88546776d6ddf974fd6bcbe549ee76f33b686ff008df59b7b2b678add819e4f91147ea6bc03c641a6f3f76494899d8fbd7712066924bab895e690e70cfc71ec3b571be224c68fa95d3ff126d1f8903fad6f4128cd58caa5dc5b679953958e5413f283d29b457b279a4cd265a5ff006893fad4f14e4cd9cf0a3154b34aad80df4c5526268bd6f7ac84b02401cd6bdceaf2ead1c66ea40d3a285ce30481d3f1ae673c629f1c8518329c114a494959954e5ece5cc8e8619591be53838ed455586759429fe2c723345733849687a51a916ae99da5f6952699a8462e6626008cca55b0ca482063e87a1ae7afee1a72dbb7313ef57352be6923924958b48dd589eb5cd4d3027962bee2bd5a69455d9e1cd393b162dee8fcd04bd7a0dd542e93cb6207dd3c81e951cfbb21b7647a8a719049161bef76a4e57d0a51b6a88ddf7c609fbcbc7e15166954e0f3486b16cd52155886c8e2bd7bc317c6f74eb7bb07e6236be3fbc3835e3f5dbfc30d4923d49f4cb86c4773cc79ece3b7e23f90ae3c5439e175d0e8a12e5959f53d5564cc60e7ff00af503cd33298863cbce6a5f20c5f29c95ed4e48b6f2dcfa60578ecf41233af32ca235ce5ab96f8923ec5e198a2fe29e6518f60093fae2bbb8ad086f364079e82bcb7e2eea22e359b6b28ce56d63cb7b3373fc82fe75b6163cd5119577cb06705451457b079c2838cfbd149450014b49450059b51b998e48fa515ddf81bc222f6c9ae6f011bc6557da8ac658a8c5dac68a8b6af739cd527c44141ea6b19a4ec47152dc4c641b8fad566c7ad77b7a1ce96b70cfa537345159dcb0a2933466a6e30a7c523c32a4913149108656070411d0d328a407baf83fc4b1ebba62339517718db3a7bff00787b1aea230879c57cdda4ea571a55f477568fb6443d3b30ee0fb57b3e85e37d1f50b75325ca5acf8f9e29982e0fb13c1af2b1187717cd1d8efa35d495a5b9d16b3a84763613dcdc10b142858f6ce3b57ce5a95e49a86a1717737fac99cb9f6cf6aedbe2678ad35471a769d2efb543ba5914f0edd80f503f9fd2b80ae9c2d2f671bbdd98622a73bb2d90514515d47385145140056c785f4c3aa6ab1c6549890ee7f71e9f8d6457a5f80ed56c6dd19c0f364f9dbfa0ac6bd4e489a538f348f45d2e1fb35b2a2f1c514fb5955a3a2bceb23a6ecf9c9be5400f2735151457b8ce041451452189494515230a28a290052d14520128a28a0028a28a002968a28044d66a1aea30c3237722bbbb2be64da547b514572627568e8a075965a8b98463345145713dcdcfffd9, ''),
(41, '2018', 'Junrel Ednalig', 'BSCpE4A', '', '', 0xffd8ffe000104a46494600010101006000600000ffe100824578696600004d4d002a00000008000187690004000000010000001a00000000000490030002000000140000005090040002000000140000006492910002000000033534000092920002000000033534000000000000323032313a31303a32332030313a32363a323000323032313a31303a32332030313a32363a3230000000ffe101a0687474703a2f2f6e732e61646f62652e636f6d2f7861702f312e302f003c3f787061636b657420626567696e3d27efbbbf272069643d2757354d304d7043656869487a7265537a4e54637a6b633964273f3e0d0a3c783a786d706d65746120786d6c6e733a783d2261646f62653a6e733a6d6574612f223e3c7264663a52444620786d6c6e733a7264663d22687474703a2f2f7777772e77332e6f72672f313939392f30322f32322d7264662d73796e7461782d6e7323223e3c7264663a4465736372697074696f6e207264663a61626f75743d22757569643a66616635626464352d626133642d313164612d616433312d6433336437353138326631622220786d6c6e733a786d703d22687474703a2f2f6e732e61646f62652e636f6d2f7861702f312e302f223e3c786d703a437265617465446174653e323032312d31302d32335430313a32363a32302e3534303c2f786d703a437265617465446174653e3c2f7264663a4465736372697074696f6e3e3c2f7264663a5244463e3c2f783a786d706d6574613e0d0a3c3f787061636b657420656e643d2777273f3effdb00430006040506050406060506070706080a100a0a09090a140e0f0c1017141818171416161a1d251f1a1b231c1616202c20232627292a29191f2d302d283025282928ffdb0043010707070a080a130a0a13281a161a2828282828282828282828282828282828282828282828282828282828282828282828282828282828282828282828282828ffc00011080096009603012200021101031101ffc4001f0000010501010101010100000000000000000102030405060708090a0bffc400b5100002010303020403050504040000017d01020300041105122131410613516107227114328191a1082342b1c11552d1f02433627282090a161718191a25262728292a3435363738393a434445464748494a535455565758595a636465666768696a737475767778797a838485868788898a92939495969798999aa2a3a4a5a6a7a8a9aab2b3b4b5b6b7b8b9bac2c3c4c5c6c7c8c9cad2d3d4d5d6d7d8d9dae1e2e3e4e5e6e7e8e9eaf1f2f3f4f5f6f7f8f9faffc4001f0100030101010101010101010000000000000102030405060708090a0bffc400b51100020102040403040705040400010277000102031104052131061241510761711322328108144291a1b1c109233352f0156272d10a162434e125f11718191a262728292a35363738393a434445464748494a535455565758595a636465666768696a737475767778797a82838485868788898a92939495969798999aa2a3a4a5a6a7a8a9aab2b3b4b5b6b7b8b9bac2c3c4c5c6c7c8c9cad2d3d4d5d6d7d8d9dae2e3e4e5e6e7e8e9eaf2f3f4f5f6f7f8f9faffda000c03010002110311003f0092cd724715d1d80c002b12c17214d74967672dc5bb98d580da40707183db9aad2c7cfc62e4ec8d9b15031eb51f8b98af87e54440cf2e63ce39552a7791ff00010d52d8306c1460c338e0e68f1705ff00847a50ca8eccc00dddb83b8ffdf1bea1954f49a394f818c22f186c719592cb3149c8e03600fc704d7b2f8f3c5963e0ff000ecfa95fb8f946228c7591fb015e2df069ddfc70ae25ff004516cde593d1b18000f7039fcebcf7e3678f4f8a3c6b2c509dfa5698cd0c033f2c8e0fccfee09e07b0f7ad20b98f662f9608e735ff00115e6b5a95d6b9ad6e96e276fdd839da839f947b73fa57297174f7527cb18ebd855efb45cead727cc6693dcf403dab7b4cd0940ddb79fa55d4aaa0b52a14dc9981a7d95c37cdb5ba5684925e43180dbb00e7ad75f6da66c5e16967d277a9c8c5727d6b53a3eac70f06a72c13a31f9194e432f047e35f4bfc2cf1c1f1658c3a6ead334971670b337cc57cd50540271d7193e9dbea7e79d6b49688938e3e950786f5db9d0354b6bcb6244b0b1c8ce37a918653f51fd0f6aea838d54ae73cd4a1748fbc2186d6cc44204484370085e4fd4ff8d52d62e50df58c6a41293a67db271fd6b2bc21e218bc49b5e197fd164b78a684630482a377e3938fc2ac6b16ed6fa95bba29f264ba80963fde32723f2a89c5456a14e4e52ba3a9a28a2a4b3859e4f23e27ceac485934ff0033f1dca3f921ae92d6e0be9b74e5fe542e47a81d7fad70bf112edb4ef1f68f2a71f69b66898ffb2a2427f565abb67aa44349bf26e910ed04a1e7233c75ff003c8ade294a271cdf2d46fb8a66863b4d93c8cbfbcdcb819e303de8ae0afbc67a7c0de4c370b71306259618de60a3df603cfd68abf6d2e88e7f62ce66f3c4ba1684b879fed9723fe58c3f360fb9e83f139f6acdff0084b2f7c516f2a71636cad848a190e7006796efce3b0af32f14d84da25bc1fbd579643838edf4f5af4cf853e1f8b5dd17cebc6730453edd910c3365509c9e98fad725483943437a71f672d558f4cf081dfa25b4983f382d9fc4d6af89617bbf0c6a76d1233cb25bc8a8abd4b6d381f9d71d73e2a874459f4ed2ec5dcdb4b2428d2b008b8623ea71d3f0a9bc09e21d475af124906a132b462ddcac712ed01b8e7df8cd0938c6c71ca9b751cae7986b979a8f83aca7beb6692dae373db43d323cc4ea3d703241f5c5792194f96114f538af4ffda1f528a6f17c5a6db80b0d84237e3f89d80393ff0001083f3af29b13e6dc2af5cb66ba69a518dceea6db8ab9e89e10d394c68cc064f35e8365a67438e3e95ccf85230b0c64fb0af40b3995225e95e3e26a3723d8a10b2215d3557b75a492c1319238fa56a2b97e47a553baf31b381815c5ccee74a4727af58ab2b60607d2bcc75db7682eb206066bd4b58d460872b3b81f5ae0bc42f05dc6d240c180eb8af47093945ab9c7898a7b1ebdfb30eb0f79a90d2dddb36aaf32f3d50f51f83303f8d7bdf8925024b48dba8b98241cf6df835f1ffc15f102786be22e9577349e5da485a09cff00b0ea47e8db4fe15f516a1e21b5d72e6d534a86e6e4ac8a37c51975fbea725941518c7722bbab4ba1c7469bbdd773bda28a2a4a3ccfe30e87abea577a2dde850bcb710f9b19291090aeedb8382ca0743c9247b572565f0975ed5dd5f5dbb8618b218adcc86e581f68936443f26af79a29f3325c53773cff004cf84fe1bb68025f25cea2deb3cc5117fdd44daa3f2a2bd028a4558f88be22e9335fe9d049683cc685b2c157271eb9ed5b9f0f7c40fe16f0ec914b64fe64d379c9e64a0205daab92473d57a63f1ac6d1fc41772aecb9d2f5085d47de36ece9f9ae4fe95de7842e2c6ff578604ba82ea711bbb42ea377084fdd233c1c1e9d8574d5a7cb1b4647252af194ef5617f99cb0d4fedb13cb2b219a596598ed18077cacfc7b7cd5bdf0be6f27c4f233b10be4484f19e00e6b8ed846a3303c90413f525b3fd2b5f4dbafecc8f53bbde542d948a7a71918e3f3071ea2a674f9608e18d6f6b5a5656bdcf24f1dea8daa789b55bc73933dc39ce73900e07e80565e92365cc4c477aa372d990e7b715774ccbcc807ad53d158f462ad63d374bd6edad230b23631d3debaed1bc55a44acb14b751abb74073cfe3d2bcd7c37e1c9b5dbb266668e1cf51e95e8763e0df0ee9f7514571780ce46ef29a64ddff7cf5c57975d525a3dcf4293a8f55b1e9567671cb0432c4eac8dce41ea2b95f889777ba7ac56fa5c2cf2c83a85ce2ba4d21adb4df26d55bf74a72a09ed506b5ab5b44669b8dd1a139c64e0579d19c632bdae7638392b5cf1e3e0ad735243737f3ec63ced90fcdf90e958fa8e8573a3ce15c978dc60915d85febde25b9d531a7b4aba7ab47c456a0960572c72ebd8f1d467b77a9e4925d574dff8994021bc51b6451d09ecc2bb956a91b735ac72fb28bbdaf7384f08841e32d0d65c6cfb7dbee046463cd5ce6befe550aa028000e8057e7cdd2b586b2ec32a5183ab0ea3dff3afd065fba3bf15deddd2672dada0b45145200a28a2800a28a2803e31d2b59916e905dce1b2c097489630873ce428031c9e3a0af46f0edd09754f2bcc29fb990a9c7cbf74e707d4641fc6bc7f4ff056a1047fdab25f37d87cc9122065e6509279673c74ddf9d775e181730f8c34b8cc8a6c7ca9d010fbb7622650cbec7cb3fa568e4f95a6ee72ce9c1c94a3a1811dbffa65e960721d07fe380ff53547c6929b4f0dde6de3cd0b19e3ae581c7e95b36fa746f6f094cc534ec0b6c38ddb88fe5585f15815f0fa951c34ea7f4635d3517ba933c9c37f1798f1a9b2589ec4d6e78520f3f51853f1358f3e0c09b47209cd6e783a5f2f55873fc408ac6adf959edc3747aa359dcc563f65d2e4f21e66556947545c738f43ef56b4df032e9d9b917ade7485f708902921c0dc0b75c71c73c738ea6b4743b37b99559beee3815d9c3662384b48a3e51902bc1a95a51d133d6a74e32d59c6432dc3dec712b48521511a9739240f534f94cf1df2b9e467041ee2af5bc3ff00130db8018b124549a8c496f2169b84f5f4f7ac5c8dd1b96112c36e402c81c7423ad73fae69ac18ba023bfd6bb0d26d9e5b4b763892365051d4e41151788ad76c7c8edcd65193bdca94743e7cf15a6cd59b8e5a2c7f3afbc74797cfd26ca5ff009e90237e6a0d7c29f119960d6d58778bfa9afb33c21ae69f1780fc3d777d7d6b6c92e9b6f2169a6541cc4a7b9af7e93bd34cf1e7a49a3aaa2b98bcf1df87ade1f312f9af17b7d86de4bacffdfb56ac65f8971dd4b347a4785fc477b2478dc5ed92d579e9ccce87f4ab22e96e7a0519af34bff1778e25da34bf09e996e5bf8afb56c95f72b1a11f931acf966f88d7a375d788343d322c7234fd39a6653fef4af8fd3f0a57443ad05d4f5867c74a2bc45fc37e20be766d47c79e2695f3f2adb4b159803dc2273453ba337898773cf2ef53d2d2c9e39ef6dfecb14291c69e602a08218fddfbbcfd2a4f06796de2584213fe8eb3e573952a509c7fe3df90f7ac1bafb37db2dc3c4ccd9214b21c83919ae87c06f1b6b2bb24df2adbc8d8249e48c77fad651a8ed6920f423d32393362ec39055fe800ac3f1c5a4ba97862e10c6fbe27f3578eb818e3f0ab9a3ea57d26b5a7d8b246a9e54924842e18858db03f3c1fc0574d636eb737305bcca0ac8c10823d6bbeb4baa3c9c345c64afd5b3e5cba1e54981f5ab9a2cde55f5b383d1c0fceba4f1ef874e9daecf670ae553e6438c654f6fc2b8e5125b4df3a9041efdaa5ea8f56134ecd1f51782544a57a60577b7b0adbd835c32a96d84a213d4f6af34f87773baceda407fd62a9fd2bafd7b522587560bf228f4ec4d7cdd6f8da3dea4fdd4d98ba2e9524334535d4dbe697e67627ab1ae8359d32d5e608ce1e329b89c7b5635ac65e61208db3fa56d6a313981184462047059f97fd6b196e6b17d90ef0b489a5c4f040fbed8485d14f400f503f1c9fc6ae7895e39ed8cc9cab0cf15cabcdf659519e7452480006ce492001f89207e35d05c44468f379838ddb97dba1a97a3b85efa1f397c5a7f2f57b55ee5393f8d7d4bf0bb4dd322f04e83716da75a8b93630869e38515989519dc7af5af22d27e1ecbe35f1fc77d76ac345b1204add03b8c90a3d79db9f6afa0b49d36db4cb2b6b6b45290dba848c0e98c6315ef50fe1c4f98c7d65cee3165b8811b8140a371200f4a85880cd84e49ce6ac33f3d7b5539246dede94d44f32351b2398f238619a8198f97b4b13818c1e49a92671f78f6f7af2af8a5e2cbf6d4bfe117f0e5c0b7b978d5efef430cdb23fdd8d0f6761939ec30475c8a4ba1ac139bb23d1afaeede00ab7332c44f237385268af9d53c35610c0be5c76f3e4e59de4c339fef173827bfebe94557ba6dec9773bcd3c43750a99d4ee552a40e0e722b76d6de1b5da21562d246c030e4631d09ae274f93508f2d32c618aed255f76ee7aff002adfd0eeee64baf2e5461188c827ae38aefad4e13873a0842ad29f2c93b77389f04977f145cbce7e78ade4507b101422fe83f9d775a61dbac58b2ffcf6504e33c1e3fad71be048643a95f4f2a7c9f6775460b804070bfa815b3a86b96ba45cc12cafbe489c49e529e4e39c67a0ac1ae6d11124fda2373c57f0facbc417eb789752da4c3e49311f981c76e09183fe715e73f127c25e10d0b429565d42f65d55b9429b240b83c8206d033c8e4e6a8f8fbe22dc6b16aff669dace2424a471b9f9ff00defef71f85792dd6a135c1026964917a80ee481f4a3d9dbe266d469cb76cf6cf83ba925ce956aacf96b77d8c0fb74fd3f957a478aa075d3649ed46e953f78abd370c8c8f638cfe35f37fc3dd68e8974d7072d03baa48a3d3d7ea2be8bb0d4a2d434c88c6e1d08db9cfaf4af0b194f92af3743e870f3e6858b3e13b0835cb0fb441a9cacfc831ba80d1900f0c3b723e8474aec6e3c2f68b10f3eee6911197192071df381eb5e5315b4da7ea65e09e5b56270b2c671f81f6fad74d7a752bab0dba86ae64b6db9f2d5c65fa7f7073d3a135cb35ae876469c9dbde39eb8beb6d5bc4f63069d0791a7db309df93ba5900182c7b8524e3dce7b0ae8bc67abdbe97a14d713b8548d0c8dcf6acad1f4e16d23dd32eddc36a03d85798fc72d7deead3ec303911ee064c7703a0febf853843dad45033aad534da327c21f187c43a3eb914cb75e669aaec5ec1f0236566c919c6437a376f71c57bc787fe3878735289cde5bded836f7006df39580e872bce4fa631ea6be2f572b9f7ad6d3eea68ed59e49c8897854079627fa57d0c611d8f9ead4233d59f6de9ff00127c25a95dadadaeb76a2e1ca858e40d1658f45f98019cf6f5ade5ba8e645962759236e55d1832b0f6238af815eedcde4b28e910c28f7e9ffd7aedfc11e3bd4bc2b247f62b969212822fb34cc5a2233b98edcf0724f231d4d1c9d8e69e112d51f5cdf5ec105acd3cefe5c312b48ecdc6140249fcabe79835786db4f9b58bf765bfd518ddba23e189724a8e48c285daa3d856debff14748f12781758b3449ac7536836b459dcaebd5c23ffba08c103af7e6bcdfc6d29b036d6eca51d625dc0a952a71f77a0e8303802b39de28e9c061b9a5cb33a28fc42f73029b7b437727f10701cae3d4939efc12077c74345707a5ea92c1992da6920720a9287071c7b1e38f4edd68a8535d4ea9e0ed27cbb1eaba26b71fd995256df71b991437738c827db9a6e91aedd0f17d98b87b78ecde390bb21ca2af92cc483dc6e5efdab815bd266b2f2c90cd70cc463a280b8feb526bd7912b186479637fba0af451e9fe7d6baa2a52972f4265251836cdad4fe24de5adbada594616ca11b33b479800e9b81ed8c74e9eb5ccdc7894df5bb36d5193fde2189f5cfbff00935ceea464439998cc9d0483ef0fc6b2237f225209dd138c647a574a4a1a2391414b527d46e5a7b972c8231d368ed5477703daae48cb2c6639182cc9d18ff18ff1acfcd652ee6f14745e19c491cca7aab2b62bd5fc317b3698aac9b9ed5bef20ea3dc578e785ee560d563473849bf764fa13d3f5c57af787dc08fca94640af2b18b53d0c36da1eb5a2bdb6a76f1b332b2b0fbd5b90d8e996d26181661cfccc5b15e4d6f2dc58ca5ad2e1a146ebc6e5fc471fa115a3732ead241e77f69da88546776d6ddf974fd6bcbe549ee76f33b686ff008df59b7b2b678add819e4f91147ea6bc03c641a6f3f76494899d8fbd7712066924bab895e690e70cfc71ec3b571be224c68fa95d3ff126d1f8903fad6f4128cd58caa5dc5b679953958e5413f283d29b457b279a4cd265a5ff006893fad4f14e4cd9cf0a3154b34aad80df4c5526268bd6f7ac84b02401cd6bdceaf2ead1c66ea40d3a285ce30481d3f1ae673c629f1c8518329c114a494959954e5ece5cc8e8619591be53838ed455586759429fe2c723345733849687a51a916ae99da5f6952699a8462e6626008cca55b0ca482063e87a1ae7afee1a72dbb7313ef57352be6923924958b48dd589eb5cd4d3027962bee2bd5a69455d9e1cd393b162dee8fcd04bd7a0dd542e93cb6207dd3c81e951cfbb21b7647a8a719049161bef76a4e57d0a51b6a88ddf7c609fbcbc7e15166954e0f3486b16cd52155886c8e2bd7bc317c6f74eb7bb07e6236be3fbc3835e3f5dbfc30d4923d49f4cb86c4773cc79ece3b7e23f90ae3c5439e175d0e8a12e5959f53d5564cc60e7ff00af503cd33298863cbce6a5f20c5f29c95ed4e48b6f2dcfa60578ecf41233af32ca235ce5ab96f8923ec5e198a2fe29e6518f60093fae2bbb8ad086f364079e82bcb7e2eea22e359b6b28ce56d63cb7b3373fc82fe75b6163cd5119577cb06705451457b079c2838cfbd149450014b49450059b51b998e48fa515ddf81bc222f6c9ae6f011bc6557da8ac658a8c5dac68a8b6af739cd527c44141ea6b19a4ec47152dc4c641b8fad566c7ad77b7a1ce96b70cfa537345159dcb0a2933466a6e30a7c523c32a4913149108656070411d0d328a407baf83fc4b1ebba62339517718db3a7bff00787b1aea230879c57cdda4ea571a55f477568fb6443d3b30ee0fb57b3e85e37d1f50b75325ca5acf8f9e29982e0fb13c1af2b1187717cd1d8efa35d495a5b9d16b3a84763613dcdc10b142858f6ce3b57ce5a95e49a86a1717737fac99cb9f6cf6aedbe2678ad35471a769d2efb543ba5914f0edd80f503f9fd2b80ae9c2d2f671bbdd98622a73bb2d90514515d47385145140056c785f4c3aa6ab1c6549890ee7f71e9f8d6457a5f80ed56c6dd19c0f364f9dbfa0ac6bd4e489a538f348f45d2e1fb35b2a2f1c514fb5955a3a2bceb23a6ecf9c9be5400f2735151457b8ce041451452189494515230a28a290052d14520128a28a0028a28a002968a28044d66a1aea30c3237722bbbb2be64da547b514572627568e8a075965a8b98463345145713dcdcfffd9, '');

-- --------------------------------------------------------

--
-- Table structure for table `timein`
--

CREATE TABLE `timein` (
  `id` int(100) NOT NULL,
  `timein` datetime NOT NULL
) ENGINE=InnoDB DEFAULT CHARSET=utf8mb4;

--
-- Dumping data for table `timein`
--

INSERT INTO `timein` (`id`, `timein`) VALUES
(11, '2021-11-21 21:04:00'),
(12, '2021-11-21 21:12:36'),
(13, '2021-11-21 21:16:56'),
(14, '2021-11-21 21:41:43'),
(15, '2021-11-21 21:49:33');

-- --------------------------------------------------------

--
-- Table structure for table `users`
--

CREATE TABLE `users` (
  `id` int(100) NOT NULL,
  `user` varchar(100) NOT NULL,
  `password` varchar(100) NOT NULL
) ENGINE=InnoDB DEFAULT CHARSET=utf8mb4;

--
-- Dumping data for table `users`
--

INSERT INTO `users` (`id`, `user`, `password`) VALUES
(1, 'admin', '1234');

-- --------------------------------------------------------

--
-- Table structure for table `user_acct`
--

CREATE TABLE `user_acct` (
  `ID1` int(100) NOT NULL,
  `id` int(100) NOT NULL,
  `student` varchar(100) NOT NULL,
  `Course$Section` varchar(100) NOT NULL,
  `usrname` varchar(225) NOT NULL,
  `paswrd` varchar(255) NOT NULL,
  `profile_photo` blob NOT NULL
) ENGINE=InnoDB DEFAULT CHARSET=utf8mb4;

--
-- Indexes for dumped tables
--

--
-- Indexes for table `historylog`
--
ALTER TABLE `historylog`
  ADD PRIMARY KEY (`ID1`);

--
-- Indexes for table `timein`
--
ALTER TABLE `timein`
  ADD PRIMARY KEY (`id`);

--
-- Indexes for table `users`
--
ALTER TABLE `users`
  ADD PRIMARY KEY (`id`);

--
-- Indexes for table `user_acct`
--
ALTER TABLE `user_acct`
  ADD PRIMARY KEY (`ID1`);

--
-- AUTO_INCREMENT for dumped tables
--

--
-- AUTO_INCREMENT for table `historylog`
--
ALTER TABLE `historylog`
  MODIFY `ID1` int(100) NOT NULL AUTO_INCREMENT, AUTO_INCREMENT=42;

--
-- AUTO_INCREMENT for table `timein`
--
ALTER TABLE `timein`
  MODIFY `id` int(100) NOT NULL AUTO_INCREMENT, AUTO_INCREMENT=16;

--
-- AUTO_INCREMENT for table `users`
--
ALTER TABLE `users`
  MODIFY `id` int(100) NOT NULL AUTO_INCREMENT, AUTO_INCREMENT=2;

--
-- AUTO_INCREMENT for table `user_acct`
--
ALTER TABLE `user_acct`
  MODIFY `ID1` int(100) NOT NULL AUTO_INCREMENT, AUTO_INCREMENT=11;
--
-- Database: `phpmyadmin`
--
CREATE DATABASE IF NOT EXISTS `phpmyadmin` DEFAULT CHARACTER SET utf8 COLLATE utf8_bin;
USE `phpmyadmin`;

-- --------------------------------------------------------

--
-- Table structure for table `pma__bookmark`
--

CREATE TABLE `pma__bookmark` (
  `id` int(10) UNSIGNED NOT NULL,
  `dbase` varchar(255) COLLATE utf8_bin NOT NULL DEFAULT '',
  `user` varchar(255) COLLATE utf8_bin NOT NULL DEFAULT '',
  `label` varchar(255) CHARACTER SET utf8 NOT NULL DEFAULT '',
  `query` text COLLATE utf8_bin NOT NULL
) ENGINE=InnoDB DEFAULT CHARSET=utf8 COLLATE=utf8_bin COMMENT='Bookmarks';

-- --------------------------------------------------------

--
-- Table structure for table `pma__central_columns`
--

CREATE TABLE `pma__central_columns` (
  `db_name` varchar(64) COLLATE utf8_bin NOT NULL,
  `col_name` varchar(64) COLLATE utf8_bin NOT NULL,
  `col_type` varchar(64) COLLATE utf8_bin NOT NULL,
  `col_length` text COLLATE utf8_bin DEFAULT NULL,
  `col_collation` varchar(64) COLLATE utf8_bin NOT NULL,
  `col_isNull` tinyint(1) NOT NULL,
  `col_extra` varchar(255) COLLATE utf8_bin DEFAULT '',
  `col_default` text COLLATE utf8_bin DEFAULT NULL
) ENGINE=InnoDB DEFAULT CHARSET=utf8 COLLATE=utf8_bin COMMENT='Central list of columns';

-- --------------------------------------------------------

--
-- Table structure for table `pma__column_info`
--

CREATE TABLE `pma__column_info` (
  `id` int(5) UNSIGNED NOT NULL,
  `db_name` varchar(64) COLLATE utf8_bin NOT NULL DEFAULT '',
  `table_name` varchar(64) COLLATE utf8_bin NOT NULL DEFAULT '',
  `column_name` varchar(64) COLLATE utf8_bin NOT NULL DEFAULT '',
  `comment` varchar(255) CHARACTER SET utf8 NOT NULL DEFAULT '',
  `mimetype` varchar(255) CHARACTER SET utf8 NOT NULL DEFAULT '',
  `transformation` varchar(255) COLLATE utf8_bin NOT NULL DEFAULT '',
  `transformation_options` varchar(255) COLLATE utf8_bin NOT NULL DEFAULT '',
  `input_transformation` varchar(255) COLLATE utf8_bin NOT NULL DEFAULT '',
  `input_transformation_options` varchar(255) COLLATE utf8_bin NOT NULL DEFAULT ''
) ENGINE=InnoDB DEFAULT CHARSET=utf8 COLLATE=utf8_bin COMMENT='Column information for phpMyAdmin';

--
-- Dumping data for table `pma__column_info`
--

INSERT INTO `pma__column_info` (`id`, `db_name`, `table_name`, `column_name`, `comment`, `mimetype`, `transformation`, `transformation_options`, `input_transformation`, `input_transformation_options`) VALUES
(1, 'facerecognation', 'users', 'user', '', '', '', '', '', 'password');

-- --------------------------------------------------------

--
-- Table structure for table `pma__designer_settings`
--

CREATE TABLE `pma__designer_settings` (
  `username` varchar(64) COLLATE utf8_bin NOT NULL,
  `settings_data` text COLLATE utf8_bin NOT NULL
) ENGINE=InnoDB DEFAULT CHARSET=utf8 COLLATE=utf8_bin COMMENT='Settings related to Designer';

-- --------------------------------------------------------

--
-- Table structure for table `pma__export_templates`
--

CREATE TABLE `pma__export_templates` (
  `id` int(5) UNSIGNED NOT NULL,
  `username` varchar(64) COLLATE utf8_bin NOT NULL,
  `export_type` varchar(10) COLLATE utf8_bin NOT NULL,
  `template_name` varchar(64) COLLATE utf8_bin NOT NULL,
  `template_data` text COLLATE utf8_bin NOT NULL
) ENGINE=InnoDB DEFAULT CHARSET=utf8 COLLATE=utf8_bin COMMENT='Saved export templates';

--
-- Dumping data for table `pma__export_templates`
--

INSERT INTO `pma__export_templates` (`id`, `username`, `export_type`, `template_name`, `template_data`) VALUES
(1, 'root', 'server', 'facerecognation', '{\"quick_or_custom\":\"quick\",\"what\":\"sql\",\"db_select[]\":[\"facerecognation\",\"phpmyadmin\",\"pointofsale\",\"pos\",\"rental\",\"test\"],\"aliases_new\":\"\",\"output_format\":\"sendit\",\"filename_template\":\"@SERVER@\",\"remember_template\":\"on\",\"charset\":\"utf-8\",\"compression\":\"none\",\"maxsize\":\"\",\"codegen_structure_or_data\":\"data\",\"codegen_format\":\"0\",\"csv_separator\":\",\",\"csv_enclosed\":\"\\\"\",\"csv_escaped\":\"\\\"\",\"csv_terminated\":\"AUTO\",\"csv_null\":\"NULL\",\"csv_structure_or_data\":\"data\",\"excel_null\":\"NULL\",\"excel_columns\":\"something\",\"excel_edition\":\"win\",\"excel_structure_or_data\":\"data\",\"json_structure_or_data\":\"data\",\"json_unicode\":\"something\",\"latex_caption\":\"something\",\"latex_structure_or_data\":\"structure_and_data\",\"latex_structure_caption\":\"Structure of table @TABLE@\",\"latex_structure_continued_caption\":\"Structure of table @TABLE@ (continued)\",\"latex_structure_label\":\"tab:@TABLE@-structure\",\"latex_relation\":\"something\",\"latex_comments\":\"something\",\"latex_mime\":\"something\",\"latex_columns\":\"something\",\"latex_data_caption\":\"Content of table @TABLE@\",\"latex_data_continued_caption\":\"Content of table @TABLE@ (continued)\",\"latex_data_label\":\"tab:@TABLE@-data\",\"latex_null\":\"\\\\textit{NULL}\",\"mediawiki_structure_or_data\":\"data\",\"mediawiki_caption\":\"something\",\"mediawiki_headers\":\"something\",\"htmlword_structure_or_data\":\"structure_and_data\",\"htmlword_null\":\"NULL\",\"ods_null\":\"NULL\",\"ods_structure_or_data\":\"data\",\"odt_structure_or_data\":\"structure_and_data\",\"odt_relation\":\"something\",\"odt_comments\":\"something\",\"odt_mime\":\"something\",\"odt_columns\":\"something\",\"odt_null\":\"NULL\",\"pdf_report_title\":\"\",\"pdf_structure_or_data\":\"data\",\"phparray_structure_or_data\":\"data\",\"sql_include_comments\":\"something\",\"sql_header_comment\":\"\",\"sql_use_transaction\":\"something\",\"sql_compatibility\":\"NONE\",\"sql_structure_or_data\":\"structure_and_data\",\"sql_create_table\":\"something\",\"sql_auto_increment\":\"something\",\"sql_create_view\":\"something\",\"sql_create_trigger\":\"something\",\"sql_backquotes\":\"something\",\"sql_type\":\"INSERT\",\"sql_insert_syntax\":\"both\",\"sql_max_query_size\":\"50000\",\"sql_hex_for_binary\":\"something\",\"sql_utc_time\":\"something\",\"texytext_structure_or_data\":\"structure_and_data\",\"texytext_null\":\"NULL\",\"yaml_structure_or_data\":\"data\",\"\":null,\"as_separate_files\":null,\"csv_removeCRLF\":null,\"csv_columns\":null,\"excel_removeCRLF\":null,\"json_pretty_print\":null,\"htmlword_columns\":null,\"ods_columns\":null,\"sql_dates\":null,\"sql_relation\":null,\"sql_mime\":null,\"sql_disable_fk\":null,\"sql_views_as_tables\":null,\"sql_metadata\":null,\"sql_drop_database\":null,\"sql_drop_table\":null,\"sql_if_not_exists\":null,\"sql_simple_view_export\":null,\"sql_view_current_user\":null,\"sql_or_replace_view\":null,\"sql_procedure_function\":null,\"sql_truncate\":null,\"sql_delayed\":null,\"sql_ignore\":null,\"texytext_columns\":null}');

-- --------------------------------------------------------

--
-- Table structure for table `pma__favorite`
--

CREATE TABLE `pma__favorite` (
  `username` varchar(64) COLLATE utf8_bin NOT NULL,
  `tables` text COLLATE utf8_bin NOT NULL
) ENGINE=InnoDB DEFAULT CHARSET=utf8 COLLATE=utf8_bin COMMENT='Favorite tables';

-- --------------------------------------------------------

--
-- Table structure for table `pma__history`
--

CREATE TABLE `pma__history` (
  `id` bigint(20) UNSIGNED NOT NULL,
  `username` varchar(64) COLLATE utf8_bin NOT NULL DEFAULT '',
  `db` varchar(64) COLLATE utf8_bin NOT NULL DEFAULT '',
  `table` varchar(64) COLLATE utf8_bin NOT NULL DEFAULT '',
  `timevalue` timestamp NOT NULL DEFAULT current_timestamp(),
  `sqlquery` text COLLATE utf8_bin NOT NULL
) ENGINE=InnoDB DEFAULT CHARSET=utf8 COLLATE=utf8_bin COMMENT='SQL history for phpMyAdmin';

-- --------------------------------------------------------

--
-- Table structure for table `pma__navigationhiding`
--

CREATE TABLE `pma__navigationhiding` (
  `username` varchar(64) COLLATE utf8_bin NOT NULL,
  `item_name` varchar(64) COLLATE utf8_bin NOT NULL,
  `item_type` varchar(64) COLLATE utf8_bin NOT NULL,
  `db_name` varchar(64) COLLATE utf8_bin NOT NULL,
  `table_name` varchar(64) COLLATE utf8_bin NOT NULL
) ENGINE=InnoDB DEFAULT CHARSET=utf8 COLLATE=utf8_bin COMMENT='Hidden items of navigation tree';

-- --------------------------------------------------------

--
-- Table structure for table `pma__pdf_pages`
--

CREATE TABLE `pma__pdf_pages` (
  `db_name` varchar(64) COLLATE utf8_bin NOT NULL DEFAULT '',
  `page_nr` int(10) UNSIGNED NOT NULL,
  `page_descr` varchar(50) CHARACTER SET utf8 NOT NULL DEFAULT ''
) ENGINE=InnoDB DEFAULT CHARSET=utf8 COLLATE=utf8_bin COMMENT='PDF relation pages for phpMyAdmin';

-- --------------------------------------------------------

--
-- Table structure for table `pma__recent`
--

CREATE TABLE `pma__recent` (
  `username` varchar(64) COLLATE utf8_bin NOT NULL,
  `tables` text COLLATE utf8_bin NOT NULL
) ENGINE=InnoDB DEFAULT CHARSET=utf8 COLLATE=utf8_bin COMMENT='Recently accessed tables';

--
-- Dumping data for table `pma__recent`
--

INSERT INTO `pma__recent` (`username`, `tables`) VALUES
('root', '[{\"db\":\"facerecognation\",\"table\":\"user_acct\"},{\"db\":\"facerecognation\",\"table\":\"users\"},{\"db\":\"facerecognation\",\"table\":\"timein\"},{\"db\":\"facerecognation\",\"table\":\"historylog\"},{\"db\":\"rental\",\"table\":\"tbl_houses\"},{\"db\":\"rental\",\"table\":\"cancel\"},{\"db\":\"rental\",\"table\":\"room_categories\"},{\"db\":\"rental\",\"table\":\"checked\"},{\"db\":\"rental\",\"table\":\"reserve\"},{\"db\":\"rental\",\"table\":\"book\"}]');

-- --------------------------------------------------------

--
-- Table structure for table `pma__relation`
--

CREATE TABLE `pma__relation` (
  `master_db` varchar(64) COLLATE utf8_bin NOT NULL DEFAULT '',
  `master_table` varchar(64) COLLATE utf8_bin NOT NULL DEFAULT '',
  `master_field` varchar(64) COLLATE utf8_bin NOT NULL DEFAULT '',
  `foreign_db` varchar(64) COLLATE utf8_bin NOT NULL DEFAULT '',
  `foreign_table` varchar(64) COLLATE utf8_bin NOT NULL DEFAULT '',
  `foreign_field` varchar(64) COLLATE utf8_bin NOT NULL DEFAULT ''
) ENGINE=InnoDB DEFAULT CHARSET=utf8 COLLATE=utf8_bin COMMENT='Relation table';

-- --------------------------------------------------------

--
-- Table structure for table `pma__savedsearches`
--

CREATE TABLE `pma__savedsearches` (
  `id` int(5) UNSIGNED NOT NULL,
  `username` varchar(64) COLLATE utf8_bin NOT NULL DEFAULT '',
  `db_name` varchar(64) COLLATE utf8_bin NOT NULL DEFAULT '',
  `search_name` varchar(64) COLLATE utf8_bin NOT NULL DEFAULT '',
  `search_data` text COLLATE utf8_bin NOT NULL
) ENGINE=InnoDB DEFAULT CHARSET=utf8 COLLATE=utf8_bin COMMENT='Saved searches';

-- --------------------------------------------------------

--
-- Table structure for table `pma__table_coords`
--

CREATE TABLE `pma__table_coords` (
  `db_name` varchar(64) COLLATE utf8_bin NOT NULL DEFAULT '',
  `table_name` varchar(64) COLLATE utf8_bin NOT NULL DEFAULT '',
  `pdf_page_number` int(11) NOT NULL DEFAULT 0,
  `x` float UNSIGNED NOT NULL DEFAULT 0,
  `y` float UNSIGNED NOT NULL DEFAULT 0
) ENGINE=InnoDB DEFAULT CHARSET=utf8 COLLATE=utf8_bin COMMENT='Table coordinates for phpMyAdmin PDF output';

-- --------------------------------------------------------

--
-- Table structure for table `pma__table_info`
--

CREATE TABLE `pma__table_info` (
  `db_name` varchar(64) COLLATE utf8_bin NOT NULL DEFAULT '',
  `table_name` varchar(64) COLLATE utf8_bin NOT NULL DEFAULT '',
  `display_field` varchar(64) COLLATE utf8_bin NOT NULL DEFAULT ''
) ENGINE=InnoDB DEFAULT CHARSET=utf8 COLLATE=utf8_bin COMMENT='Table information for phpMyAdmin';

-- --------------------------------------------------------

--
-- Table structure for table `pma__table_uiprefs`
--

CREATE TABLE `pma__table_uiprefs` (
  `username` varchar(64) COLLATE utf8_bin NOT NULL,
  `db_name` varchar(64) COLLATE utf8_bin NOT NULL,
  `table_name` varchar(64) COLLATE utf8_bin NOT NULL,
  `prefs` text COLLATE utf8_bin NOT NULL,
  `last_update` timestamp NOT NULL DEFAULT current_timestamp() ON UPDATE current_timestamp()
) ENGINE=InnoDB DEFAULT CHARSET=utf8 COLLATE=utf8_bin COMMENT='Tables'' UI preferences';

-- --------------------------------------------------------

--
-- Table structure for table `pma__tracking`
--

CREATE TABLE `pma__tracking` (
  `db_name` varchar(64) COLLATE utf8_bin NOT NULL,
  `table_name` varchar(64) COLLATE utf8_bin NOT NULL,
  `version` int(10) UNSIGNED NOT NULL,
  `date_created` datetime NOT NULL,
  `date_updated` datetime NOT NULL,
  `schema_snapshot` text COLLATE utf8_bin NOT NULL,
  `schema_sql` text COLLATE utf8_bin DEFAULT NULL,
  `data_sql` longtext COLLATE utf8_bin DEFAULT NULL,
  `tracking` set('UPDATE','REPLACE','INSERT','DELETE','TRUNCATE','CREATE DATABASE','ALTER DATABASE','DROP DATABASE','CREATE TABLE','ALTER TABLE','RENAME TABLE','DROP TABLE','CREATE INDEX','DROP INDEX','CREATE VIEW','ALTER VIEW','DROP VIEW') COLLATE utf8_bin DEFAULT NULL,
  `tracking_active` int(1) UNSIGNED NOT NULL DEFAULT 1
) ENGINE=InnoDB DEFAULT CHARSET=utf8 COLLATE=utf8_bin COMMENT='Database changes tracking for phpMyAdmin';

-- --------------------------------------------------------

--
-- Table structure for table `pma__userconfig`
--

CREATE TABLE `pma__userconfig` (
  `username` varchar(64) COLLATE utf8_bin NOT NULL,
  `timevalue` timestamp NOT NULL DEFAULT current_timestamp() ON UPDATE current_timestamp(),
  `config_data` text COLLATE utf8_bin NOT NULL
) ENGINE=InnoDB DEFAULT CHARSET=utf8 COLLATE=utf8_bin COMMENT='User preferences storage for phpMyAdmin';

--
-- Dumping data for table `pma__userconfig`
--

INSERT INTO `pma__userconfig` (`username`, `timevalue`, `config_data`) VALUES
('root', '2021-11-22 06:18:15', '{\"Console\\/Mode\":\"collapse\",\"NavigationWidth\":0}');

-- --------------------------------------------------------

--
-- Table structure for table `pma__usergroups`
--

CREATE TABLE `pma__usergroups` (
  `usergroup` varchar(64) COLLATE utf8_bin NOT NULL,
  `tab` varchar(64) COLLATE utf8_bin NOT NULL,
  `allowed` enum('Y','N') COLLATE utf8_bin NOT NULL DEFAULT 'N'
) ENGINE=InnoDB DEFAULT CHARSET=utf8 COLLATE=utf8_bin COMMENT='User groups with configured menu items';

-- --------------------------------------------------------

--
-- Table structure for table `pma__users`
--

CREATE TABLE `pma__users` (
  `username` varchar(64) COLLATE utf8_bin NOT NULL,
  `usergroup` varchar(64) COLLATE utf8_bin NOT NULL
) ENGINE=InnoDB DEFAULT CHARSET=utf8 COLLATE=utf8_bin COMMENT='Users and their assignments to user groups';

--
-- Indexes for dumped tables
--

--
-- Indexes for table `pma__bookmark`
--
ALTER TABLE `pma__bookmark`
  ADD PRIMARY KEY (`id`);

--
-- Indexes for table `pma__central_columns`
--
ALTER TABLE `pma__central_columns`
  ADD PRIMARY KEY (`db_name`,`col_name`);

--
-- Indexes for table `pma__column_info`
--
ALTER TABLE `pma__column_info`
  ADD PRIMARY KEY (`id`),
  ADD UNIQUE KEY `db_name` (`db_name`,`table_name`,`column_name`);

--
-- Indexes for table `pma__designer_settings`
--
ALTER TABLE `pma__designer_settings`
  ADD PRIMARY KEY (`username`);

--
-- Indexes for table `pma__export_templates`
--
ALTER TABLE `pma__export_templates`
  ADD PRIMARY KEY (`id`),
  ADD UNIQUE KEY `u_user_type_template` (`username`,`export_type`,`template_name`);

--
-- Indexes for table `pma__favorite`
--
ALTER TABLE `pma__favorite`
  ADD PRIMARY KEY (`username`);

--
-- Indexes for table `pma__history`
--
ALTER TABLE `pma__history`
  ADD PRIMARY KEY (`id`),
  ADD KEY `username` (`username`,`db`,`table`,`timevalue`);

--
-- Indexes for table `pma__navigationhiding`
--
ALTER TABLE `pma__navigationhiding`
  ADD PRIMARY KEY (`username`,`item_name`,`item_type`,`db_name`,`table_name`);

--
-- Indexes for table `pma__pdf_pages`
--
ALTER TABLE `pma__pdf_pages`
  ADD PRIMARY KEY (`page_nr`),
  ADD KEY `db_name` (`db_name`);

--
-- Indexes for table `pma__recent`
--
ALTER TABLE `pma__recent`
  ADD PRIMARY KEY (`username`);

--
-- Indexes for table `pma__relation`
--
ALTER TABLE `pma__relation`
  ADD PRIMARY KEY (`master_db`,`master_table`,`master_field`),
  ADD KEY `foreign_field` (`foreign_db`,`foreign_table`);

--
-- Indexes for table `pma__savedsearches`
--
ALTER TABLE `pma__savedsearches`
  ADD PRIMARY KEY (`id`),
  ADD UNIQUE KEY `u_savedsearches_username_dbname` (`username`,`db_name`,`search_name`);

--
-- Indexes for table `pma__table_coords`
--
ALTER TABLE `pma__table_coords`
  ADD PRIMARY KEY (`db_name`,`table_name`,`pdf_page_number`);

--
-- Indexes for table `pma__table_info`
--
ALTER TABLE `pma__table_info`
  ADD PRIMARY KEY (`db_name`,`table_name`);

--
-- Indexes for table `pma__table_uiprefs`
--
ALTER TABLE `pma__table_uiprefs`
  ADD PRIMARY KEY (`username`,`db_name`,`table_name`);

--
-- Indexes for table `pma__tracking`
--
ALTER TABLE `pma__tracking`
  ADD PRIMARY KEY (`db_name`,`table_name`,`version`);

--
-- Indexes for table `pma__userconfig`
--
ALTER TABLE `pma__userconfig`
  ADD PRIMARY KEY (`username`);

--
-- Indexes for table `pma__usergroups`
--
ALTER TABLE `pma__usergroups`
  ADD PRIMARY KEY (`usergroup`,`tab`,`allowed`);

--
-- Indexes for table `pma__users`
--
ALTER TABLE `pma__users`
  ADD PRIMARY KEY (`username`,`usergroup`);

--
-- AUTO_INCREMENT for dumped tables
--

--
-- AUTO_INCREMENT for table `pma__bookmark`
--
ALTER TABLE `pma__bookmark`
  MODIFY `id` int(10) UNSIGNED NOT NULL AUTO_INCREMENT;

--
-- AUTO_INCREMENT for table `pma__column_info`
--
ALTER TABLE `pma__column_info`
  MODIFY `id` int(5) UNSIGNED NOT NULL AUTO_INCREMENT, AUTO_INCREMENT=2;

--
-- AUTO_INCREMENT for table `pma__export_templates`
--
ALTER TABLE `pma__export_templates`
  MODIFY `id` int(5) UNSIGNED NOT NULL AUTO_INCREMENT, AUTO_INCREMENT=2;

--
-- AUTO_INCREMENT for table `pma__history`
--
ALTER TABLE `pma__history`
  MODIFY `id` bigint(20) UNSIGNED NOT NULL AUTO_INCREMENT;

--
-- AUTO_INCREMENT for table `pma__pdf_pages`
--
ALTER TABLE `pma__pdf_pages`
  MODIFY `page_nr` int(10) UNSIGNED NOT NULL AUTO_INCREMENT;

--
-- AUTO_INCREMENT for table `pma__savedsearches`
--
ALTER TABLE `pma__savedsearches`
  MODIFY `id` int(5) UNSIGNED NOT NULL AUTO_INCREMENT;
--
-- Database: `pointofsale`
--
CREATE DATABASE IF NOT EXISTS `pointofsale` DEFAULT CHARACTER SET utf8mb4 COLLATE utf8mb4_general_ci;
USE `pointofsale`;

-- --------------------------------------------------------

--
-- Table structure for table `cashflow`
--

CREATE TABLE `cashflow` (
  `transaction_id` int(11) NOT NULL,
  `description` text DEFAULT NULL,
  `amount` decimal(18,2) DEFAULT NULL,
  `username` varchar(30) DEFAULT NULL,
  `transaction_date` datetime DEFAULT current_timestamp()
) ENGINE=InnoDB DEFAULT CHARSET=latin1;

--
-- Dumping data for table `cashflow`
--

INSERT INTO `cashflow` (`transaction_id`, `description`, `amount`, `username`, `transaction_date`) VALUES
(1, 'Cash-in', '10000.00', 'admin', '2019-04-08 15:51:58');

-- --------------------------------------------------------

--
-- Table structure for table `customer`
--

CREATE TABLE `customer` (
  `customer_id` int(11) NOT NULL,
  `firstname` varchar(30) DEFAULT NULL,
  `lastname` varchar(30) DEFAULT NULL,
  `address` text DEFAULT NULL,
  `contact_number` varchar(30) DEFAULT NULL,
  `image` varchar(30) NOT NULL
) ENGINE=InnoDB DEFAULT CHARSET=latin1;

--
-- Dumping data for table `customer`
--

INSERT INTO `customer` (`customer_id`, `firstname`, `lastname`, `address`, `contact_number`, `image`) VALUES
(16, 'jersel', 'Bill', 'Philippines', '+63(09)1234-1234', 'user.png');

-- --------------------------------------------------------

--
-- Table structure for table `delivery`
--

CREATE TABLE `delivery` (
  `transaction_no` varchar(20) NOT NULL,
  `supplier_id` int(11) DEFAULT NULL,
  `username` varchar(20) DEFAULT NULL,
  `date` datetime NOT NULL DEFAULT current_timestamp()
) ENGINE=InnoDB DEFAULT CHARSET=latin1;

--
-- Dumping data for table `delivery`
--

INSERT INTO `delivery` (`transaction_no`, `supplier_id`, `username`, `date`) VALUES
('5CAAFDA8CD697', 21, 'admin', '2019-04-08 15:52:40'),
('5CAAFDEEDB333', 22, 'admin', '2019-04-08 15:54:19'),
('5CAAFE37D21E8', 21, 'admin', '2019-04-08 15:55:28'),
('5E7F00084C934', 22, 'admin', '2020-03-28 15:43:22'),
('5E81DF2B7B8F7', 22, 'admin', '2020-03-30 20:00:48');

-- --------------------------------------------------------

--
-- Table structure for table `initial_products`
--

CREATE TABLE `initial_products` (
  `id` varchar(50) NOT NULL,
  `initial_quantity` int(11) NOT NULL
) ENGINE=InnoDB DEFAULT CHARSET=latin1;

--
-- Dumping data for table `initial_products`
--

INSERT INTO `initial_products` (`id`, `initial_quantity`) VALUES
('1001', 100),
('10011', 200),
('10012', 100),
('1', 100),
('2', 200),
('3', 150),
('4', 125),
('5', 100),
('23213', 23),
('10000', 21),
('1001', 100),
('10011', 200),
('10012', 100),
('1', 100),
('2', 200),
('3', 150),
('4', 125),
('5', 100),
('23213', 23),
('10000', 21);

-- --------------------------------------------------------

--
-- Table structure for table `logs`
--

CREATE TABLE `logs` (
  `id` int(11) NOT NULL,
  `username` varchar(30) NOT NULL,
  `purpose` varchar(30) NOT NULL,
  `logs_time` datetime NOT NULL DEFAULT current_timestamp()
) ENGINE=InnoDB DEFAULT CHARSET=latin1;

--
-- Dumping data for table `logs`
--

INSERT INTO `logs` (`id`, `username`, `purpose`, `logs_time`) VALUES
(851, 'admin', 'User admin login', '2019-04-08 15:48:04'),
(854, 'admin', 'User admin logout', '2019-04-08 15:49:48'),
(855, 'admin', 'User admin login', '2019-04-08 15:50:04'),
(856, 'admin', 'Supplier OrangeCompany added', '2019-04-08 15:50:54'),
(857, 'admin', 'Customer jersel Added', '2019-04-08 15:51:25'),
(858, 'admin', 'Cash-in', '2019-04-08 15:51:58'),
(859, 'admin', 'Delivery Added', '2019-04-08 15:52:40'),
(860, 'admin', 'Customer Bill Added', '2019-04-08 15:53:18'),
(861, 'admin', 'Delivery Added', '2019-04-08 15:54:19'),
(862, 'admin', 'Delivery Added', '2019-04-08 15:55:29'),
(863, 'admin', 'Product sold', '2019-04-08 15:56:39'),
(864, 'admin', 'User admin logout', '2019-04-08 15:57:38'),
(865, 'admin', 'User admin login', '2019-04-08 16:06:54'),
(866, 'admin', 'User admin login', '2019-04-08 20:28:36'),
(867, 'admin', 'Product sold', '2019-04-08 20:29:27'),
(868, 'admin', 'User admin login', '2020-03-23 16:04:06'),
(869, 'admin', 'User admin logout', '2020-03-23 16:04:24'),
(870, 'admin', 'User admin login', '2020-03-28 12:58:34'),
(871, 'admin', 'User admin logout', '2020-03-28 13:02:20'),
(872, 'admin', 'User admin login', '2020-03-28 13:02:26'),
(873, 'admin', 'User admin logout', '2020-03-28 13:02:59'),
(874, 'admin', 'User admin login', '2020-03-28 13:05:48'),
(875, 'admin', 'Product sold', '2020-03-28 14:06:26'),
(876, 'admin', 'Product sold', '2020-03-28 14:07:27'),
(877, 'admin', 'Product sold', '2020-03-28 14:08:09'),
(878, 'admin', 'Product sold', '2020-03-28 14:14:46'),
(879, 'admin', 'Product sold', '2020-03-28 14:22:55'),
(880, 'admin', 'Product sold', '2020-03-28 14:27:51'),
(881, 'admin', 'Delivery Added', '2020-03-28 15:43:22'),
(882, 'admin', 'Product sold', '2020-03-28 16:14:30'),
(883, 'admin', 'User admin login', '2020-03-29 09:26:29'),
(884, 'admin', 'User admin login', '2020-03-29 09:40:46'),
(885, 'admin', 'Product Coffee updated', '2020-03-29 09:53:36'),
(886, 'admin', 'Product Coffee updated', '2020-03-29 09:53:51'),
(887, 'admin', 'User admin login', '2020-03-30 09:05:52'),
(888, 'admin', 'Product sold', '2020-03-30 09:07:10'),
(889, 'admin', 'User admin login', '2020-03-30 19:59:24'),
(890, 'admin', 'Delivery Added', '2020-03-30 20:00:48'),
(891, 'admin', 'User admin login', '2020-03-30 22:26:03');

-- --------------------------------------------------------

--
-- Table structure for table `products`
--

CREATE TABLE `products` (
  `product_no` varchar(50) NOT NULL,
  `product_name` varchar(30) DEFAULT NULL,
  `sell_price` decimal(18,2) DEFAULT NULL,
  `quantity` int(11) DEFAULT NULL,
  `unit` varchar(30) DEFAULT NULL,
  `min_stocks` int(11) DEFAULT NULL,
  `remarks` text DEFAULT NULL,
  `location` varchar(50) DEFAULT NULL,
  `images` varchar(30) DEFAULT NULL
) ENGINE=InnoDB DEFAULT CHARSET=latin1;

--
-- Dumping data for table `products`
--

INSERT INTO `products` (`product_no`, `product_name`, `sell_price`, `quantity`, `unit`, `min_stocks`, `remarks`, `location`, `images`) VALUES
('1', 'Coffee', '12.00', 70, 'sachet', 20, 'sfdsfdsf', 'fsdfdsfdsfds', NULL),
('10000', 'asdas', '25575.60', 21, 'KA', 29, NULL, NULL, NULL),
('1001', 'Glass', '22.00', 100, 'Box', 20, NULL, NULL, NULL),
('10011', 'Chair', '600.00', 198, 'Each', 20, NULL, NULL, NULL),
('10012', 'Sofa', '2400.00', 92, 'Each', 20, NULL, NULL, NULL),
('2', 'Tooth Paste', '24.00', 200, 'sachet', 10, NULL, NULL, NULL),
('23213', 'sdfsd', '42.24', 19, 'sdfsdf', 23, 'fdsfds', 'dffdf', NULL),
('3', 'Shampoo', '6.60', 148, 'sachet', 20, NULL, NULL, NULL),
('4', 'Soap', '17.25', 122, 'sachet', 20, NULL, NULL, NULL),
('5', 'Conditioner', '12.00', 100, 'sachet', 10, NULL, NULL, NULL);

--
-- Triggers `products`
--
DELIMITER $$
CREATE TRIGGER `delete` BEFORE DELETE ON `products` FOR EACH ROW DELETE FROM initial_products WHERE id=old.product_no
$$
DELIMITER ;
DELIMITER $$
CREATE TRIGGER `insert` AFTER INSERT ON `products` FOR EACH ROW INSERT INTO initial_products(id,initial_quantity) VALUES(new.product_no,new.quantity)
$$
DELIMITER ;

-- --------------------------------------------------------

--
-- Table structure for table `product_delivered`
--

CREATE TABLE `product_delivered` (
  `transaction_no` varchar(30) NOT NULL,
  `product_id` varchar(30) NOT NULL,
  `total_qty` int(11) NOT NULL,
  `buy_price` decimal(18,2) NOT NULL,
  `tax_rate` int(11) NOT NULL
) ENGINE=InnoDB DEFAULT CHARSET=latin1;

--
-- Dumping data for table `product_delivered`
--

INSERT INTO `product_delivered` (`transaction_no`, `product_id`, `total_qty`, `buy_price`, `tax_rate`) VALUES
('5CAAFDA8CD697', '1001', 100, '20.00', 10),
('5CAAFDEEDB333', '10011', 200, '500.00', 20),
('5CAAFDEEDB333', '10012', 100, '2000.00', 20),
('5CAAFE37D21E8', '1', 100, '10.00', 20),
('5CAAFE37D21E8', '2', 200, '20.00', 20),
('5CAAFE37D21E8', '3', 150, '6.00', 10),
('5CAAFE37D21E8', '4', 125, '15.00', 15),
('5CAAFE37D21E8', '5', 100, '10.00', 20),
('5E7F00084C934', '23213', 23, '32.00', 32),
('5E81DF2B7B8F7', '10000', 21, '21313.00', 20),
('5CAAFDA8CD697', '1001', 100, '20.00', 10),
('5CAAFDEEDB333', '10011', 200, '500.00', 20),
('5CAAFDEEDB333', '10012', 100, '2000.00', 20),
('5CAAFE37D21E8', '1', 100, '10.00', 20),
('5CAAFE37D21E8', '2', 200, '20.00', 20),
('5CAAFE37D21E8', '3', 150, '6.00', 10),
('5CAAFE37D21E8', '4', 125, '15.00', 15),
('5CAAFE37D21E8', '5', 100, '10.00', 20),
('5E7F00084C934', '23213', 23, '32.00', 32),
('5E81DF2B7B8F7', '10000', 21, '21313.00', 20);

-- --------------------------------------------------------

--
-- Table structure for table `sales`
--

CREATE TABLE `sales` (
  `reciept_no` int(11) NOT NULL,
  `customer_id` int(11) NOT NULL DEFAULT 0,
  `username` varchar(30) NOT NULL,
  `discount` int(11) NOT NULL,
  `total` int(11) NOT NULL,
  `date` timestamp NOT NULL DEFAULT current_timestamp() ON UPDATE current_timestamp()
) ENGINE=InnoDB DEFAULT CHARSET=latin1;

--
-- Dumping data for table `sales`
--

INSERT INTO `sales` (`reciept_no`, `customer_id`, `username`, `discount`, `total`, `date`) VALUES
(20, 16, 'admin', 0, 0, '2019-04-08 07:56:39'),
(21, 16, 'admin', 0, 0, '2019-04-08 12:29:27'),
(22, 16, 'admin', 0, 0, '2020-03-28 06:06:26'),
(23, 16, 'admin', 0, 0, '2020-03-28 06:07:27'),
(24, 16, 'admin', 0, 0, '2020-03-28 06:08:08'),
(25, 16, 'admin', 10, 0, '2020-03-28 06:14:46'),
(26, 16, 'admin', 10, 0, '2020-03-28 06:22:55'),
(27, 16, 'admin', 10, 2160, '2020-03-28 06:27:51'),
(28, 16, 'admin', 20, 1920, '2020-03-28 08:14:30'),
(29, 16, 'admin', 20, 4017, '2020-03-30 01:07:10');

-- --------------------------------------------------------

--
-- Table structure for table `sales_product`
--

CREATE TABLE `sales_product` (
  `reciept_no` int(11) NOT NULL,
  `product_id` varchar(20) NOT NULL,
  `price` decimal(18,2) NOT NULL,
  `qty` int(11) NOT NULL
) ENGINE=InnoDB DEFAULT CHARSET=latin1;

--
-- Dumping data for table `sales_product`
--

INSERT INTO `sales_product` (`reciept_no`, `product_id`, `price`, `qty`) VALUES
(20, '1', '12.00', 10),
(20, '10011', '600.00', 2),
(21, '1', '12.00', 20),
(22, '10012', '2400.00', 1),
(23, '3', '6.60', 2),
(24, '10012', '2400.00', 1),
(25, '10012', '2400.00', 1),
(26, '10012', '2400.00', 1),
(27, '10012', '2400.00', 1),
(28, '10012', '2400.00', 1),
(29, '10012', '2400.00', 2),
(29, '4', '17.25', 3),
(29, '23213', '42.24', 4),
(20, '1', '12.00', 10),
(20, '10011', '600.00', 2),
(21, '1', '12.00', 20),
(22, '10012', '2400.00', 1),
(23, '3', '6.60', 2),
(24, '10012', '2400.00', 1),
(25, '10012', '2400.00', 1),
(26, '10012', '2400.00', 1),
(27, '10012', '2400.00', 1),
(28, '10012', '2400.00', 1),
(29, '10012', '2400.00', 2),
(29, '4', '17.25', 3),
(29, '23213', '42.24', 4);

-- --------------------------------------------------------

--
-- Table structure for table `supplier`
--

CREATE TABLE `supplier` (
  `supplier_id` int(11) NOT NULL,
  `company_name` varchar(30) DEFAULT NULL,
  `firstname` varchar(30) DEFAULT NULL,
  `lastname` varchar(30) DEFAULT NULL,
  `address` text DEFAULT NULL,
  `contact_number` varchar(30) DEFAULT NULL,
  `image` varchar(60) NOT NULL
) ENGINE=InnoDB DEFAULT CHARSET=latin1;

--
-- Dumping data for table `supplier`
--

INSERT INTO `supplier` (`supplier_id`, `company_name`, `firstname`, `lastname`, `address`, `contact_number`, `image`) VALUES
(21, 'OrangeCompany', 'Oracle', 'LTD', 'USA', '+63(09)1234-1234', 'Internship-Web-Graphic-01.png'),
(22, 'BrandName', 'Bill', 'Joe', 'Africa', '+63(09)1234-1234', 'multi-user-icon.png');

-- --------------------------------------------------------

--
-- Table structure for table `users`
--

CREATE TABLE `users` (
  `id` int(11) NOT NULL,
  `username` varchar(30) NOT NULL,
  `firstname` varchar(30) NOT NULL,
  `lastname` varchar(30) NOT NULL,
  `position` varchar(20) NOT NULL,
  `contact_number` varchar(30) NOT NULL,
  `image` varchar(30) NOT NULL,
  `password` varchar(60) NOT NULL
) ENGINE=InnoDB DEFAULT CHARSET=latin1;

--
-- Dumping data for table `users`
--

INSERT INTO `users` (`id`, `username`, `firstname`, `lastname`, `position`, `contact_number`, `image`, `password`) VALUES
(7, 'admin', 'Juan', 'Cruz', 'admin', '+63(09)1234-1234', 'Myprofile.jpg', '1234'),
(13, 'user', 'Chris', 'Doe', 'Employee', '+63(09)1234-1234', 'men-in-black.png', '1234');

--
-- Indexes for dumped tables
--

--
-- Indexes for table `cashflow`
--
ALTER TABLE `cashflow`
  ADD PRIMARY KEY (`transaction_id`),
  ADD KEY `username` (`username`);

--
-- Indexes for table `customer`
--
ALTER TABLE `customer`
  ADD PRIMARY KEY (`customer_id`);

--
-- Indexes for table `delivery`
--
ALTER TABLE `delivery`
  ADD PRIMARY KEY (`transaction_no`),
  ADD KEY `supplier_id` (`supplier_id`),
  ADD KEY `username` (`username`);

--
-- Indexes for table `initial_products`
--
ALTER TABLE `initial_products`
  ADD KEY `id` (`id`);

--
-- Indexes for table `logs`
--
ALTER TABLE `logs`
  ADD PRIMARY KEY (`id`),
  ADD KEY `username` (`username`);

--
-- Indexes for table `products`
--
ALTER TABLE `products`
  ADD PRIMARY KEY (`product_no`);

--
-- Indexes for table `product_delivered`
--
ALTER TABLE `product_delivered`
  ADD KEY `product_id` (`product_id`),
  ADD KEY `transaction_no` (`transaction_no`);

--
-- Indexes for table `sales`
--
ALTER TABLE `sales`
  ADD PRIMARY KEY (`reciept_no`),
  ADD KEY `customer_id` (`customer_id`),
  ADD KEY `username` (`username`);

--
-- Indexes for table `sales_product`
--
ALTER TABLE `sales_product`
  ADD KEY `product_id` (`product_id`),
  ADD KEY `reciept_no` (`reciept_no`);

--
-- Indexes for table `supplier`
--
ALTER TABLE `supplier`
  ADD PRIMARY KEY (`supplier_id`);

--
-- Indexes for table `users`
--
ALTER TABLE `users`
  ADD UNIQUE KEY `user_id` (`id`),
  ADD UNIQUE KEY `username` (`username`);

--
-- AUTO_INCREMENT for dumped tables
--

--
-- AUTO_INCREMENT for table `cashflow`
--
ALTER TABLE `cashflow`
  MODIFY `transaction_id` int(11) NOT NULL AUTO_INCREMENT, AUTO_INCREMENT=2;

--
-- AUTO_INCREMENT for table `customer`
--
ALTER TABLE `customer`
  MODIFY `customer_id` int(11) NOT NULL AUTO_INCREMENT, AUTO_INCREMENT=17;

--
-- AUTO_INCREMENT for table `logs`
--
ALTER TABLE `logs`
  MODIFY `id` int(11) NOT NULL AUTO_INCREMENT, AUTO_INCREMENT=894;

--
-- AUTO_INCREMENT for table `sales`
--
ALTER TABLE `sales`
  MODIFY `reciept_no` int(11) NOT NULL AUTO_INCREMENT, AUTO_INCREMENT=30;

--
-- AUTO_INCREMENT for table `sales_product`
--
ALTER TABLE `sales_product`
  MODIFY `reciept_no` int(11) NOT NULL AUTO_INCREMENT, AUTO_INCREMENT=30;

--
-- AUTO_INCREMENT for table `supplier`
--
ALTER TABLE `supplier`
  MODIFY `supplier_id` int(11) NOT NULL AUTO_INCREMENT, AUTO_INCREMENT=23;

--
-- AUTO_INCREMENT for table `users`
--
ALTER TABLE `users`
  MODIFY `id` int(11) NOT NULL AUTO_INCREMENT, AUTO_INCREMENT=15;

--
-- Constraints for dumped tables
--

--
-- Constraints for table `cashflow`
--
ALTER TABLE `cashflow`
  ADD CONSTRAINT `cashflow_ibfk_1` FOREIGN KEY (`username`) REFERENCES `users` (`username`);

--
-- Constraints for table `delivery`
--
ALTER TABLE `delivery`
  ADD CONSTRAINT `delivery_ibfk_1` FOREIGN KEY (`supplier_id`) REFERENCES `supplier` (`supplier_id`),
  ADD CONSTRAINT `delivery_ibfk_2` FOREIGN KEY (`username`) REFERENCES `users` (`username`);

--
-- Constraints for table `initial_products`
--
ALTER TABLE `initial_products`
  ADD CONSTRAINT `initial_products_ibfk_1` FOREIGN KEY (`id`) REFERENCES `products` (`product_no`);

--
-- Constraints for table `logs`
--
ALTER TABLE `logs`
  ADD CONSTRAINT `logs_ibfk_1` FOREIGN KEY (`username`) REFERENCES `users` (`username`);

--
-- Constraints for table `product_delivered`
--
ALTER TABLE `product_delivered`
  ADD CONSTRAINT `product_delivered_ibfk_1` FOREIGN KEY (`product_id`) REFERENCES `products` (`product_no`),
  ADD CONSTRAINT `product_delivered_ibfk_2` FOREIGN KEY (`transaction_no`) REFERENCES `delivery` (`transaction_no`);

--
-- Constraints for table `sales`
--
ALTER TABLE `sales`
  ADD CONSTRAINT `sales_ibfk_2` FOREIGN KEY (`customer_id`) REFERENCES `customer` (`customer_id`),
  ADD CONSTRAINT `sales_ibfk_3` FOREIGN KEY (`username`) REFERENCES `users` (`username`);

--
-- Constraints for table `sales_product`
--
ALTER TABLE `sales_product`
  ADD CONSTRAINT `sales_product_ibfk_2` FOREIGN KEY (`product_id`) REFERENCES `products` (`product_no`),
  ADD CONSTRAINT `sales_product_ibfk_3` FOREIGN KEY (`reciept_no`) REFERENCES `sales` (`reciept_no`);
--
-- Database: `pos`
--
CREATE DATABASE IF NOT EXISTS `pos` DEFAULT CHARACTER SET utf8mb4 COLLATE utf8mb4_general_ci;
USE `pos`;

-- --------------------------------------------------------

--
-- Table structure for table `cart`
--

CREATE TABLE `cart` (
  `cartid` int(11) NOT NULL,
  `userid` int(11) NOT NULL,
  `productid` int(11) NOT NULL,
  `qty` double NOT NULL
) ENGINE=InnoDB DEFAULT CHARSET=latin1;

-- --------------------------------------------------------

--
-- Table structure for table `category`
--

CREATE TABLE `category` (
  `categoryid` int(11) NOT NULL,
  `category_name` varchar(30) NOT NULL
) ENGINE=InnoDB DEFAULT CHARSET=latin1;

--
-- Dumping data for table `category`
--

INSERT INTO `category` (`categoryid`, `category_name`) VALUES
(1, 'DRESS'),
(2, 'SANDAL'),
(3, 'SHOES');

-- --------------------------------------------------------

--
-- Table structure for table `customer`
--

CREATE TABLE `customer` (
  `userid` int(11) NOT NULL,
  `customer_name` varchar(50) NOT NULL,
  `address` varchar(150) NOT NULL,
  `contact` varchar(50) NOT NULL
) ENGINE=InnoDB DEFAULT CHARSET=latin1;

--
-- Dumping data for table `customer`
--

INSERT INTO `customer` (`userid`, `customer_name`, `address`, `contact`) VALUES
(2, 'same', 'Silay City, Negros Occidental', '09092735719');

-- --------------------------------------------------------

--
-- Table structure for table `inventory`
--

CREATE TABLE `inventory` (
  `inventoryid` int(11) NOT NULL,
  `userid` int(11) NOT NULL,
  `action` varchar(50) NOT NULL,
  `productid` int(11) NOT NULL,
  `quantity` double NOT NULL,
  `inventory_date` datetime NOT NULL
) ENGINE=InnoDB DEFAULT CHARSET=latin1;

--
-- Dumping data for table `inventory`
--

INSERT INTO `inventory` (`inventoryid`, `userid`, `action`, `productid`, `quantity`, `inventory_date`) VALUES
(26, 1, 'Add Product', 42, 112, '2021-10-12 11:12:06'),
(27, 1, 'Purchase', 31, 2, '2021-10-12 19:26:00'),
(28, 1, 'Purchase', 31, 5, '2021-10-12 19:29:28'),
(29, 1, 'Purchase', 31, 4, '2021-10-12 19:30:29'),
(30, 1, 'Purchase', 42, 4, '2021-10-13 01:33:53'),
(31, 1, 'Purchase', 32, 14, '2021-10-13 01:33:53'),
(32, 1, 'Purchase', 31, 10, '2021-10-13 01:37:22'),
(33, 1, 'Update Quantity', 32, 100, '2021-10-13 01:41:06'),
(34, 1, 'Add Product', 43, 12, '2021-10-15 01:22:20'),
(35, 1, 'Purchase', 32, 9, '2021-10-15 01:24:46'),
(36, 1, 'Purchase', 36, 1, '2021-10-15 01:24:46'),
(37, 1, 'Purchase', 34, 6, '2021-10-15 01:24:46'),
(38, 1, 'Purchase', 33, 6, '2021-10-15 01:48:45'),
(39, 1, 'Purchase', 31, 90, '2021-10-15 01:48:45');

-- --------------------------------------------------------

--
-- Table structure for table `product`
--

CREATE TABLE `product` (
  `productid` int(11) NOT NULL,
  `categoryid` int(11) NOT NULL,
  `product_name` varchar(150) NOT NULL,
  `product_price` double NOT NULL,
  `product_qty` double NOT NULL,
  `photo` varchar(200) NOT NULL,
  `supplierid` int(11) NOT NULL
) ENGINE=InnoDB DEFAULT CHARSET=latin1;

--
-- Dumping data for table `product`
--

INSERT INTO `product` (`productid`, `categoryid`, `product_name`, `product_price`, `product_qty`, `photo`, `supplierid`) VALUES
(31, 1, 'dress1', 100, 0, 'upload/1_1634062087.jfif', 4),
(32, 1, 'Dress2', 100, 91, 'upload/2_1634062117.jfif', 4),
(33, 1, 'dress3', 100, 5, 'upload/3_1634062136.jfif', 4),
(34, 1, 'dress4', 200, 106, 'upload/4_1634062157.jfif', 4),
(35, 1, 'dress5', 200, 112, 'upload/5_1634062173.jfif', 4),
(36, 2, 'sandal1', 200, 111, 'upload/6_1634062210.jfif', 4),
(37, 2, 'sandal2', 255, 112, 'upload/7_1634062232.jfif', 4),
(38, 2, 'sandal3', 255, 112, 'upload/8_1634062247.jfif', 4),
(39, 2, 'sandal4', 255, 112, 'upload/8_1634062269.jfif', 4),
(40, 2, 'sandal5', 255, 112, 'upload/10_1634062287.jfif', 4),
(42, 3, 'shoes', 255, 108, 'upload/11_1634062326.jfif', 4),
(43, 1, 'kids dress', 111, 12, '', 1);

-- --------------------------------------------------------

--
-- Table structure for table `sales`
--

CREATE TABLE `sales` (
  `salesid` int(11) NOT NULL,
  `userid` int(11) NOT NULL,
  `sales_total` double NOT NULL,
  `sales_date` datetime NOT NULL
) ENGINE=InnoDB DEFAULT CHARSET=latin1;

--
-- Dumping data for table `sales`
--

INSERT INTO `sales` (`salesid`, `userid`, `sales_total`, `sales_date`) VALUES
(12, 1, 200, '2021-10-12 19:26:00'),
(13, 1, 500, '2021-10-12 19:29:28'),
(16, 1, 400, '2021-10-12 19:30:29'),
(17, 1, 2420, '2021-10-13 01:33:53'),
(18, 1, 1000, '2021-10-13 01:37:22'),
(19, 1, 2300, '2021-10-15 01:24:45'),
(20, 1, 9600, '2021-10-15 01:48:45');

-- --------------------------------------------------------

--
-- Table structure for table `sales_detail`
--

CREATE TABLE `sales_detail` (
  `sales_detailid` int(11) NOT NULL,
  `salesid` int(11) NOT NULL,
  `productid` int(11) NOT NULL,
  `sales_qty` double NOT NULL
) ENGINE=InnoDB DEFAULT CHARSET=latin1;

--
-- Dumping data for table `sales_detail`
--

INSERT INTO `sales_detail` (`sales_detailid`, `salesid`, `productid`, `sales_qty`) VALUES
(20, 12, 31, 2),
(21, 13, 31, 5),
(22, 16, 31, 4),
(23, 17, 42, 4),
(24, 17, 32, 14),
(25, 18, 31, 10),
(26, 19, 32, 9),
(27, 19, 36, 1),
(28, 19, 34, 6),
(29, 20, 33, 6),
(30, 20, 31, 90);

-- --------------------------------------------------------

--
-- Table structure for table `supplier`
--

CREATE TABLE `supplier` (
  `userid` int(11) NOT NULL,
  `company_name` varchar(50) NOT NULL,
  `company_address` varchar(150) NOT NULL,
  `contact` varchar(50) NOT NULL
) ENGINE=InnoDB DEFAULT CHARSET=latin1;

--
-- Dumping data for table `supplier`
--

INSERT INTO `supplier` (`userid`, `company_name`, `company_address`, `contact`) VALUES
(4, 'TEAM PAYAMAN', 'One Dell WayRound Rock, Texas 78682', '1-800-WWW-DELL');

-- --------------------------------------------------------

--
-- Table structure for table `user`
--

CREATE TABLE `user` (
  `userid` int(11) NOT NULL,
  `username` varchar(30) NOT NULL,
  `password` varchar(50) NOT NULL,
  `access` int(1) NOT NULL
) ENGINE=InnoDB DEFAULT CHARSET=latin1;

--
-- Dumping data for table `user`
--

INSERT INTO `user` (`userid`, `username`, `password`, `access`) VALUES
(1, 'admin', 'admin', 1),
(2, 'user', '0d8d5cd06832b29560745fe4e1b941cf', 2),
(4, 'supplier', 'sup', 3);

--
-- Indexes for dumped tables
--

--
-- Indexes for table `cart`
--
ALTER TABLE `cart`
  ADD PRIMARY KEY (`cartid`);

--
-- Indexes for table `category`
--
ALTER TABLE `category`
  ADD PRIMARY KEY (`categoryid`);

--
-- Indexes for table `customer`
--
ALTER TABLE `customer`
  ADD PRIMARY KEY (`userid`);

--
-- Indexes for table `inventory`
--
ALTER TABLE `inventory`
  ADD PRIMARY KEY (`inventoryid`);

--
-- Indexes for table `product`
--
ALTER TABLE `product`
  ADD PRIMARY KEY (`productid`);

--
-- Indexes for table `sales`
--
ALTER TABLE `sales`
  ADD PRIMARY KEY (`salesid`);

--
-- Indexes for table `sales_detail`
--
ALTER TABLE `sales_detail`
  ADD PRIMARY KEY (`sales_detailid`);

--
-- Indexes for table `supplier`
--
ALTER TABLE `supplier`
  ADD PRIMARY KEY (`userid`);

--
-- Indexes for table `user`
--
ALTER TABLE `user`
  ADD PRIMARY KEY (`userid`);

--
-- AUTO_INCREMENT for dumped tables
--

--
-- AUTO_INCREMENT for table `cart`
--
ALTER TABLE `cart`
  MODIFY `cartid` int(11) NOT NULL AUTO_INCREMENT, AUTO_INCREMENT=27;

--
-- AUTO_INCREMENT for table `category`
--
ALTER TABLE `category`
  MODIFY `categoryid` int(11) NOT NULL AUTO_INCREMENT, AUTO_INCREMENT=4;

--
-- AUTO_INCREMENT for table `inventory`
--
ALTER TABLE `inventory`
  MODIFY `inventoryid` int(11) NOT NULL AUTO_INCREMENT, AUTO_INCREMENT=40;

--
-- AUTO_INCREMENT for table `product`
--
ALTER TABLE `product`
  MODIFY `productid` int(11) NOT NULL AUTO_INCREMENT, AUTO_INCREMENT=44;

--
-- AUTO_INCREMENT for table `sales`
--
ALTER TABLE `sales`
  MODIFY `salesid` int(11) NOT NULL AUTO_INCREMENT, AUTO_INCREMENT=21;

--
-- AUTO_INCREMENT for table `sales_detail`
--
ALTER TABLE `sales_detail`
  MODIFY `sales_detailid` int(11) NOT NULL AUTO_INCREMENT, AUTO_INCREMENT=31;

--
-- AUTO_INCREMENT for table `user`
--
ALTER TABLE `user`
  MODIFY `userid` int(11) NOT NULL AUTO_INCREMENT, AUTO_INCREMENT=10;
--
-- Database: `rental`
--
CREATE DATABASE IF NOT EXISTS `rental` DEFAULT CHARACTER SET utf8mb4 COLLATE utf8mb4_general_ci;
USE `rental`;

-- --------------------------------------------------------

--
-- Table structure for table `book`
--

CREATE TABLE `book` (
  `id` int(100) NOT NULL,
  `house_id` int(100) NOT NULL,
  `house_categories` varchar(100) NOT NULL,
  `client_name` varchar(100) NOT NULL,
  `contact_number` varchar(100) NOT NULL,
  `checkin` varchar(100) NOT NULL,
  `checkout` varchar(100) NOT NULL,
  `no_stay` varchar(100) NOT NULL,
  `payment` varchar(100) NOT NULL,
  `status` varchar(100) NOT NULL,
  `user` varchar(100) NOT NULL
) ENGINE=InnoDB DEFAULT CHARSET=utf8mb4;

--
-- Dumping data for table `book`
--

INSERT INTO `book` (`id`, `house_id`, `house_categories`, `client_name`, `contact_number`, `checkin`, `checkout`, `no_stay`, `payment`, `status`, `user`) VALUES
(79, 46, 'White Beach House3', 'fgh', '678', '2021-11-09', '2021-11-12  ', '3', '  6000', 'Rent Confirmed', 'user1@gmail.com');

-- --------------------------------------------------------

--
-- Table structure for table `cancel`
--

CREATE TABLE `cancel` (
  `id` int(11) NOT NULL,
  `name` varchar(322) NOT NULL,
  `houseid` varchar(322) NOT NULL,
  `housename` varchar(100) NOT NULL,
  `status` varchar(100) NOT NULL,
  `action` varchar(100) NOT NULL,
  `type` varchar(100) NOT NULL
) ENGINE=InnoDB DEFAULT CHARSET=utf8mb4;

--
-- Dumping data for table `cancel`
--

INSERT INTO `cancel` (`id`, `name`, `houseid`, `housename`, `status`, `action`, `type`) VALUES
(1, 'shem', '40', 'Buko White House', 'nothing', 'approved', 'Rent Confirmed'),
(2, 'junrel', '45', 'Buko White House', 'nothing', 'approved', 'Reservation Confirmed'),
(3, 'junrel', '45', 'Buko White House', 'nothing', 'approved', 'Reservation Confirmed'),
(4, 'shem', '46', 'Buko YellowHouse', 'nothing', 'approved', 'Rent Confirmed'),
(5, 'junrel', '40', 'Buko White House', 'nothing', 'approved', 'Reservation Confirmed'),
(6, '54yf', '40', 'Buko White House', 'fdgh', 'approved', 'Rent Confirmed'),
(7, 'fgh', '46', 'White Beach House3', 'hjkl', 'pending', 'Rent Confirmed');

-- --------------------------------------------------------

--
-- Table structure for table `checked`
--

CREATE TABLE `checked` (
  `id` int(30) NOT NULL,
  `ref_no` varchar(100) NOT NULL,
  `house_id` int(30) NOT NULL,
  `name` text NOT NULL,
  `contact_no` varchar(20) NOT NULL,
  `date_in` datetime NOT NULL,
  `date_out` datetime NOT NULL,
  `booked_cid` int(30) NOT NULL,
  `status` tinyint(1) NOT NULL DEFAULT 0 COMMENT '0 = pending, 1=checked in , 2 = checked out',
  `date_updated` datetime NOT NULL DEFAULT current_timestamp() ON UPDATE current_timestamp()
) ENGINE=InnoDB DEFAULT CHARSET=utf8mb4;

--
-- Dumping data for table `checked`
--

INSERT INTO `checked` (`id`, `ref_no`, `house_id`, `name`, `contact_no`, `date_in`, `date_out`, `booked_cid`, `status`, `date_updated`) VALUES
(4, '0000\n', 1, 'John Smith', '+14526-5455-44', '2020-09-19 11:48:09', '2020-09-22 11:48:09', 0, 2, '2020-09-19 13:11:34'),
(5, '9564082520\n', 1, 'John Smith', '+14526-5455-44', '2020-09-19 11:48:33', '2020-09-22 11:48:33', 0, 2, '2020-09-19 13:12:19'),
(6, '2765813481\n', 1, 'asdasd asdas as', '8747808787', '2020-09-19 13:16:00', '2020-09-24 13:16:00', 0, 2, '2020-09-19 13:43:21'),
(7, '4392831400\n', 3, 'Sample', '5205525544', '2020-09-19 13:00:00', '2020-09-23 13:00:00', 0, 2, '2020-09-19 16:00:55'),
(10, '6479004224\n', 1, 'John Smith', '+14526-5455-44', '2020-09-23 10:31:00', '2020-09-29 10:31:00', 3, 1, '2020-09-19 16:39:59'),
(0, '4623905092\n', 0, '', '0909909090', '0000-00-00 00:00:00', '2021-09-22 05:07:00', 40, 0, '2021-09-12 20:07:55');

-- --------------------------------------------------------

--
-- Table structure for table `checkin`
--

CREATE TABLE `checkin` (
  `id` int(100) NOT NULL,
  `house_id` int(100) NOT NULL,
  `house_categories` varchar(100) NOT NULL,
  `client_name` varchar(100) NOT NULL,
  `contact_number` varchar(100) NOT NULL,
  `checkin` varchar(100) NOT NULL,
  `checkout` varchar(100) NOT NULL,
  `no_stay` varchar(100) NOT NULL,
  `payment` varchar(100) NOT NULL,
  `user` varchar(100) NOT NULL,
  `type` varchar(100) NOT NULL
) ENGINE=InnoDB DEFAULT CHARSET=utf8mb4;

--
-- Dumping data for table `checkin`
--

INSERT INTO `checkin` (`id`, `house_id`, `house_categories`, `client_name`, `contact_number`, `checkin`, `checkout`, `no_stay`, `payment`, `user`, `type`) VALUES
(41, 45, 'White Beach House2', 'ghj', '567', '2021-11-09', '2021-11-12   ', '3', '   4500', 'user1@gmail.com', ''),
(42, 52, ' sample', 'djg', '567', '2021-11-09', '2021-11-12   ', '3', '   3600', 'user1@gmail.com', '');

-- --------------------------------------------------------

--
-- Table structure for table `checkout`
--

CREATE TABLE `checkout` (
  `id` int(100) NOT NULL,
  `house_id` int(100) NOT NULL,
  `house_categories` varchar(100) NOT NULL,
  `client_name` varchar(100) NOT NULL,
  `contact_number` varchar(100) NOT NULL,
  `checkin` varchar(100) NOT NULL,
  `checkout` varchar(100) NOT NULL,
  `no_stay` varchar(100) NOT NULL,
  `payment` varchar(100) NOT NULL,
  `user` varchar(100) NOT NULL
) ENGINE=InnoDB DEFAULT CHARSET=utf8mb4;

--
-- Dumping data for table `checkout`
--

INSERT INTO `checkout` (`id`, `house_id`, `house_categories`, `client_name`, `contact_number`, `checkin`, `checkout`, `no_stay`, `payment`, `user`) VALUES
(38, 47, 'Buko White House4', 'dfg', '346', '2021-11-07', '2021-11-10    ', '3', '    4500', '                                        Check Out                                    '),
(39, 52, 'Buko House1', 'wsetr', '345', '2021-11-08', '2021-11-11    ', '3', '    3600', '                                        Check Out                                    '),
(40, 45, 'Buko White House2', 'fgh', '345', '2021-11-08', '2021-11-11    ', '3', '    4500', '                                        Check Out                                    '),
(41, 45, 'Buko White House2', 'fgh', '345', '2021-11-08', '2021-11-11    ', '3', '    4500', '                                        Check Out                                    '),
(42, 40, 'Buko White House1', 'drtfy', '234', '2021-11-08', '2021-11-11    ', '3', '    4800', '                                        Check Out                                    '),
(43, 45, 'White Beach House2', 'sdfgh', '345345', '2021-11-08', '2021-11-11    ', '3', '    4500', '                                        Check Out                                    '),
(44, 47, 'Buko White House4', 'dfgj', '345', '2021-11-08', '2021-11-11     ', '3', '     4500', '                                        Check Out                                    '),
(45, 40, 'Buko White House1', 'fghj', '456', '2021-11-08', '2021-11-11     ', '3', '     4800', '                                        Check Out                                    '),
(46, 40, 'White Beach House1', 'xfdgh', '456', '2021-11-08', '2021-11-11    ', '3', '    4800', '                                        Check Out                                    '),
(47, 47, 'White Beach House4', 'sdrttfgh', '456', '2021-11-08', '2021-11-11    ', '3', '    4500', '                                        Check Out                                    '),
(48, 47, 'White Beach House4', 'sdrttfgh', '456', '2021-11-08', '2021-11-11    ', '3', '    4500', '                                        Check Out                                    ');

-- --------------------------------------------------------

--
-- Table structure for table `pending`
--

CREATE TABLE `pending` (
  `id` int(100) NOT NULL,
  `house_id` int(100) NOT NULL,
  `house_categories` varchar(100) NOT NULL,
  `client_name` varchar(100) NOT NULL,
  `contact_number` varchar(100) NOT NULL,
  `checkin` varchar(100) NOT NULL,
  `checkout` varchar(100) NOT NULL,
  `no_stay` varchar(100) NOT NULL,
  `payment` varchar(100) NOT NULL,
  `status` varchar(100) NOT NULL,
  `user` varchar(100) NOT NULL,
  `type` varchar(100) NOT NULL
) ENGINE=InnoDB DEFAULT CHARSET=utf8mb4;

-- --------------------------------------------------------

--
-- Table structure for table `reserve`
--

CREATE TABLE `reserve` (
  `id` int(11) NOT NULL,
  `house_id` int(100) NOT NULL,
  `house_categories` varchar(100) NOT NULL,
  `client_name` varchar(100) NOT NULL,
  `contact_number` varchar(100) NOT NULL,
  `checkin` varchar(100) NOT NULL,
  `checkout` varchar(100) NOT NULL,
  `no_stay` varchar(100) NOT NULL,
  `payment` varchar(100) NOT NULL,
  `status` varchar(100) NOT NULL,
  `user` varchar(100) NOT NULL
) ENGINE=InnoDB DEFAULT CHARSET=utf8mb4;

--
-- Dumping data for table `reserve`
--

INSERT INTO `reserve` (`id`, `house_id`, `house_categories`, `client_name`, `contact_number`, `checkin`, `checkout`, `no_stay`, `payment`, `status`, `user`) VALUES
(46, 47, 'White Beach House4', 'fdgh', '567', '2021-11-09', '2021-11-12  ', '3', '  4500', 'Reservation Confirmed', 'user1@gmail.com');

-- --------------------------------------------------------

--
-- Table structure for table `room_categories`
--

CREATE TABLE `room_categories` (
  `id` int(30) NOT NULL,
  `name` text NOT NULL,
  `price` float NOT NULL,
  `cover_img` text NOT NULL
) ENGINE=InnoDB DEFAULT CHARSET=utf8mb4;

--
-- Dumping data for table `room_categories`
--

INSERT INTO `room_categories` (`id`, `name`, `price`, `cover_img`) VALUES
(2, 'Deluxe Room', 500, '1600480260_4.jpg'),
(3, 'Single Room', 120, '1600480680_2.jpg'),
(4, 'Family Room', 350, '1600480680_room-1.jpg'),
(6, 'Twin Bed Room', 200, '1600482780_3.jpg');

-- --------------------------------------------------------

--
-- Table structure for table `subimages`
--

CREATE TABLE `subimages` (
  `id` int(100) NOT NULL,
  `cid` int(100) NOT NULL,
  `subimages` varchar(100) NOT NULL
) ENGINE=InnoDB DEFAULT CHARSET=utf8mb4;

--
-- Dumping data for table `subimages`
--

INSERT INTO `subimages` (`id`, `cid`, `subimages`) VALUES
(16, 40, '40a.jpg'),
(17, 40, '40b.jpg'),
(18, 40, '40c.jpg'),
(19, 40, '40d.jpg'),
(20, 40, '40e.jpg'),
(21, 45, '45a.jpg'),
(22, 45, '45b.jpg'),
(23, 45, '45c.jpg'),
(24, 45, '45d.jpg'),
(25, 45, '45e.jpg'),
(26, 46, '46a.jpg'),
(27, 46, '46b.jpg'),
(28, 46, '46c.jpg'),
(29, 46, '46d.jpg'),
(30, 46, '46e.jpg'),
(31, 47, '47a.jpg'),
(32, 47, '47b.jpg');

-- --------------------------------------------------------

--
-- Table structure for table `system_settings`
--

CREATE TABLE `system_settings` (
  `id` int(100) NOT NULL,
  `hotel_name` varchar(100) NOT NULL,
  `email` varchar(100) NOT NULL,
  `contact` varchar(100) NOT NULL,
  `about_content` varchar(100) NOT NULL,
  `cover_img` varchar(100) NOT NULL
) ENGINE=InnoDB DEFAULT CHARSET=utf8mb4;

--
-- Dumping data for table `system_settings`
--

INSERT INTO `system_settings` (`id`, `hotel_name`, `email`, `contact`, `about_content`, `cover_img`) VALUES
(1, 'Online House Rental System for Buko House', '[value-3]', '[value-4]', '[value-5]', 'home1.jpg');

-- --------------------------------------------------------

--
-- Table structure for table `tbl_houses`
--

CREATE TABLE `tbl_houses` (
  `id` int(225) NOT NULL,
  `path` varchar(100) NOT NULL,
  `img_name` varchar(100) NOT NULL,
  `category` varchar(50) NOT NULL,
  `location` varchar(1000) NOT NULL,
  `pricemonth` varchar(20) NOT NULL,
  `price` varchar(100) NOT NULL,
  `description` varchar(1000) NOT NULL,
  `status1` varchar(100) NOT NULL,
  `status2` varchar(100) NOT NULL,
  `numstatus` int(100) NOT NULL
) ENGINE=InnoDB DEFAULT CHARSET=utf8mb4;

--
-- Dumping data for table `tbl_houses`
--

INSERT INTO `tbl_houses` (`id`, `path`, `img_name`, `category`, `location`, `pricemonth`, `price`, `description`, `status1`, `status2`, `numstatus`) VALUES
(40, 'houses/a4.jpg', 'a4.jpg', 'White Beach House1', 'General Luna, Siargao', '16000', '  1600 ', '  1 room, Included Electricity, With Aircon, Hot Water, Garden, Kitchen, WiFi, Bed Sheets', '[availableForRent]', '[availableForReservation]', 0),
(45, 'houses/a3.jpg', 'a3.jpg', 'White Beach House2', 'Genaral Luna, Siargao', '15000', '  1500 ', '  All included, 1 Room, Garden, Kitchen, Aircon, WiFi, Laundry', '[UnavailableForRent]', '[availableForReservation]', 0),
(46, 'houses/a2.jpg', 'a2.jpg', 'White Beach House3', 'Genaral Luna, Siargao', '18000', '  2000 ', '  Included Electricity, 2 Rooms, Kitchen, Aircon, WiFi, Laundry once a week, Big Independent Garden', '[UnavailableForRent]', '[availableForReservation]', 0),
(47, 'houses/a1.jpg', 'a1.jpg', 'White Beach House4', 'Genaral Luna, Siargao', '15000', '   1500 ', '   Included Electricity, 1 Room, Hot Shower, Aircon, Kitchen, WiFi', '[availableForRent]', '[UnavailableForReservation]', 0),
(52, 'houses/download.jfif', 'download.jfif', ' sample', 'Genaral Luna, Siargao', '12000', '  1200 ', '  All included, 1 Room, Garden, Kitchen, Aircon, WiFi, Laundry', '[UnavailableForRent]', '[availableForReservation]', 0);

-- --------------------------------------------------------

--
-- Table structure for table `users`
--

CREATE TABLE `users` (
  `id` int(100) NOT NULL,
  `username` varchar(100) NOT NULL,
  `email` varchar(100) NOT NULL,
  `password` varchar(100) NOT NULL
) ENGINE=InnoDB DEFAULT CHARSET=utf8mb4;

--
-- Dumping data for table `users`
--

INSERT INTO `users` (`id`, `username`, `email`, `password`) VALUES
(7, 'admin', 'admin@gmail.com', '81dc9bdb52d04dc20036dbd8313ed055'),
(26, 'user', 'user1@gmail.com', '81dc9bdb52d04dc20036dbd8313ed055'),
(27, 'user', 'user2@mail.cm', '81dc9bdb52d04dc20036dbd8313ed055');

--
-- Indexes for dumped tables
--

--
-- Indexes for table `book`
--
ALTER TABLE `book`
  ADD PRIMARY KEY (`id`);

--
-- Indexes for table `cancel`
--
ALTER TABLE `cancel`
  ADD PRIMARY KEY (`id`);

--
-- Indexes for table `checkin`
--
ALTER TABLE `checkin`
  ADD PRIMARY KEY (`id`);

--
-- Indexes for table `checkout`
--
ALTER TABLE `checkout`
  ADD PRIMARY KEY (`id`);

--
-- Indexes for table `pending`
--
ALTER TABLE `pending`
  ADD PRIMARY KEY (`id`);

--
-- Indexes for table `reserve`
--
ALTER TABLE `reserve`
  ADD PRIMARY KEY (`id`);

--
-- Indexes for table `subimages`
--
ALTER TABLE `subimages`
  ADD PRIMARY KEY (`id`);

--
-- Indexes for table `system_settings`
--
ALTER TABLE `system_settings`
  ADD PRIMARY KEY (`id`);

--
-- Indexes for table `tbl_houses`
--
ALTER TABLE `tbl_houses`
  ADD PRIMARY KEY (`id`);

--
-- Indexes for table `users`
--
ALTER TABLE `users`
  ADD PRIMARY KEY (`id`);

--
-- AUTO_INCREMENT for dumped tables
--

--
-- AUTO_INCREMENT for table `book`
--
ALTER TABLE `book`
  MODIFY `id` int(100) NOT NULL AUTO_INCREMENT, AUTO_INCREMENT=82;

--
-- AUTO_INCREMENT for table `cancel`
--
ALTER TABLE `cancel`
  MODIFY `id` int(11) NOT NULL AUTO_INCREMENT, AUTO_INCREMENT=8;

--
-- AUTO_INCREMENT for table `checkin`
--
ALTER TABLE `checkin`
  MODIFY `id` int(100) NOT NULL AUTO_INCREMENT, AUTO_INCREMENT=43;

--
-- AUTO_INCREMENT for table `checkout`
--
ALTER TABLE `checkout`
  MODIFY `id` int(100) NOT NULL AUTO_INCREMENT, AUTO_INCREMENT=49;

--
-- AUTO_INCREMENT for table `pending`
--
ALTER TABLE `pending`
  MODIFY `id` int(100) NOT NULL AUTO_INCREMENT, AUTO_INCREMENT=101;

--
-- AUTO_INCREMENT for table `reserve`
--
ALTER TABLE `reserve`
  MODIFY `id` int(11) NOT NULL AUTO_INCREMENT, AUTO_INCREMENT=47;

--
-- AUTO_INCREMENT for table `subimages`
--
ALTER TABLE `subimages`
  MODIFY `id` int(100) NOT NULL AUTO_INCREMENT, AUTO_INCREMENT=33;

--
-- AUTO_INCREMENT for table `system_settings`
--
ALTER TABLE `system_settings`
  MODIFY `id` int(100) NOT NULL AUTO_INCREMENT, AUTO_INCREMENT=2;

--
-- AUTO_INCREMENT for table `tbl_houses`
--
ALTER TABLE `tbl_houses`
  MODIFY `id` int(225) NOT NULL AUTO_INCREMENT, AUTO_INCREMENT=53;

--
-- AUTO_INCREMENT for table `users`
--
ALTER TABLE `users`
  MODIFY `id` int(100) NOT NULL AUTO_INCREMENT, AUTO_INCREMENT=28;
--
-- Database: `test`
--
CREATE DATABASE IF NOT EXISTS `test` DEFAULT CHARACTER SET latin1 COLLATE latin1_swedish_ci;
USE `test`;
COMMIT;

/*!40101 SET CHARACTER_SET_CLIENT=@OLD_CHARACTER_SET_CLIENT */;
/*!40101 SET CHARACTER_SET_RESULTS=@OLD_CHARACTER_SET_RESULTS */;
/*!40101 SET COLLATION_CONNECTION=@OLD_COLLATION_CONNECTION */;
